donald trump ,53
hillary clinton ,35
bernie sander ,24
clinton sander ,22
cruz trump ,19
trump clinton ,17
new york ,16
trump gop ,15
clinton win ,15
sander clinton ,15
trump win ,13
cruz kasich ,11
trump campaign ,10
sander win ,10
ted cruz ,10
trump delegate ,9
clinton trump ,9
cruz kasich trump ,9
kasich trump ,9
trump big ,8
sander debate ,8
general election ,8
trump election ,7
ryan trump ,7
trump republican ,6
trump say ,6
trump ryan ,6
trump attack ,6
clinton nomination ,6
gop trump ,6
say trump ,6
bernie hillary ,6
cruz win ,6
cruz delegate ,6
stop trump ,6
trump hillary ,5
trump rally ,5
trump judge ,5
clinton state ,5
clinton primary ,5
clinton new ,5
clinton victory ,5
gop leader ,5
white house ,5
sander trump ,5
sander primary ,5
democratic party ,5
paul ryan ,5
new trump ,5
new primary ,5
new york primary ,5
cruz stop ,5
cruz stop trump ,5
cruz kasich stop ,5
cruz kasich stop trump ,5
anti trump ,5
delegate nomination ,5
york primary ,5
kasich stop ,5
kasich stop trump ,5
trump woman ,4
trump trump ,4
trump could ,4
trump support ,4
trump rnc ,4
trump party ,4
trump hillary clinton ,4
trump one ,4
trump state ,4
trump primary ,4
trump washington ,4
trump general ,4
trump general election ,4
trump nomination ,4
trump leader ,4
trump thing ,4
clinton debate ,4
clinton bernie ,4
clinton sander win ,4
clinton election ,4
clinton even ,4
clinton california ,4
clinton vp ,4
clinton nomination sander ,4
clinton kentucky ,4
clinton kentucky sander ,4
party trump ,4
hillary clinton win ,4
hillary bernie ,4
hillary win ,4
republican trump ,4
bernie clinton ,4
bernie hillary clinton ,4
bernie sander clinton ,4
bernie sander hillary ,4
bernie sander hillary clinton ,4
sander hillary ,4
sander hillary clinton ,4
win primary ,4
democratic sander ,4
democratic primary ,4
democratic nomination ,4
primary trump ,4
ryan meeting ,4
new clinton ,4
voter trump ,4
u economy ,4
cruz convention ,4
cruz strategy ,4
economy job ,4
california primary ,4
tuesday primary ,4
donald trump clinton ,4
donald trump hillary ,4
donald trump hillary clinton ,4
donald clinton ,4
donald hillary ,4
donald hillary clinton ,4
donald win ,4
elizabeth warren ,4
clinch nomination ,4
nomination sander ,4
third party ,4
kentucky oregon ,4
kentucky sander ,4
west virginia ,4
trump time ,3
trump clinton win ,3
trump debate ,3
trump gop leader ,3
trump supporter ,3
trump back ,3
trump defends ,3
trump america ,3
trump take ,3
trump sander ,3
trump really ,3
trump meeting ,3
trump get ,3
trump attack judge ,3
trump voter ,3
trump convention ,3
trump fight ,3
trump cruz ,3
trump look ,3
trump racist ,3
trump unity ,3
trump draw ,3
trump indiana ,3
trump problem ,3
trump kasich ,3
trump sweep ,3
clinton campaign ,3
clinton oregon ,3
clinton bernie sander ,3
clinton sander debate ,3
clinton sander oregon ,3
clinton sander win oregon ,3
clinton sander primary ,3
clinton sander new ,3
clinton win oregon ,3
clinton new york ,3
clinton attack ,3
clinton look ,3
clinton victory oregon ,3
clinton victory sander ,3
clinton victory sander oregon ,3
clinton victory sander win ,3
clinton victory sander win oregon ,3
clinton victory win ,3
clinton victory win oregon ,3
clinton delegate ,3
clinton general ,3
clinton general election ,3
clinton clinch ,3
clinton clinch nomination ,3
clinton claim ,3
clinton kentucky oregon ,3
clinton kentucky sander oregon ,3
clinton kentucky sander win ,3
clinton kentucky sander win oregon ,3
clinton kentucky win ,3
clinton kentucky win oregon ,3
clinton york ,3
debate new ,3
gop primary ,3
campaign trump ,3
rnc party ,3
hillary clinton bernie ,3
hillary clinton bernie sander ,3
hillary clinton sander ,3
hillary bernie sander ,3
hillary sander ,3
hillary election ,3
running mate ,3
obama trump ,3
take trump ,3
take street ,3
bernie debate ,3
bernie sander debate ,3
bernie want ,3
sander campaign ,3
sander party ,3
sander say ,3
sander oregon ,3
sander win oregon ,3
sander democratic ,3
sander new ,3
sander vow ,3
sander battle ,3
sander convention ,3
sander california ,3
sander pick ,3
win trump ,3
win oregon ,3
win delegate ,3
democratic clinton ,3
democratic debate ,3
takeaway new ,3
takeaway new york ,3
takeaway york ,3
primary voter ,3
ryan gop ,3
ryan unity ,3
new trump clinton ,3
new win ,3
new york trump ,3
new york clinton ,3
new york win ,3
attack judge ,3
u economy job ,3
u job ,3
senate race ,3
ted trump ,3
ted cruz trump ,3
cruz campaign ,3
cruz take ,3
cruz kasich alliance ,3
cruz strategy trump ,3
cruz alliance ,3
job report ,3
wall street ,3
minimum wage ,3
swing state ,3
poll trump ,3
donald trump win ,3
donald trump washington ,3
donald trump racist ,3
donald washington ,3
donald racist ,3
victory oregon ,3
victory sander ,3
victory sander oregon ,3
victory sander win ,3
victory sander win oregon ,3
victory win ,3
victory win oregon ,3
anti trump delegate ,3
anti delegate ,3
delegate trump ,3
nominee trump ,3
presumptive nominee ,3
leader trump ,3
megyn trump ,3
megyn kelly ,3
megyn kelly trump ,3
kelly trump ,3
kentucky sander oregon ,3
kentucky sander win ,3
kentucky sander win oregon ,3
kentucky win ,3
kentucky win oregon ,3
york trump ,3
york clinton ,3
york win ,3
john kasich ,3
kasich alliance ,3
strategy trump ,3
contested convention ,3
front runner ,3
v trump ,2
woman problem ,2
trump v ,2
trump abortion ,2
trump woman problem ,2
trump clinton state ,2
trump clinton look ,2
trump clash ,2
trump speech ,2
trump video ,2
trump gop nomination ,2
trump campaign gop ,2
trump campaign one ,2
trump show ,2
trump big party ,2
trump big win ,2
trump got ,2
trump say win ,2
trump say bid ,2
trump say bid win ,2
trump say bid complete ,2
trump say bid complete win ,2
trump say bid complete waste ,2
trump say bid complete waste win ,2
trump say bid waste ,2
trump say bid waste win ,2
trump say complete ,2
trump say complete win ,2
trump say complete waste ,2
trump say complete waste win ,2
trump say waste ,2
trump say waste win ,2
trump house ,2
trump press ,2
trump defends say ,2
trump defends say win ,2
trump defends say bid ,2
trump defends say bid win ,2
trump defends say bid complete ,2
trump defends say bid complete win ,2
trump defends say bid complete waste ,2
trump defends say bid complete waste win ,2
trump defends say bid waste ,2
trump defends say bid waste win ,2
trump defends say complete ,2
trump defends say complete win ,2
trump defends say complete waste ,2
trump defends say complete waste win ,2
trump defends say waste ,2
trump defends say waste win ,2
trump defends win ,2
trump defends tone ,2
trump defends tone say ,2
trump defends tone say win ,2
trump defends tone say bid ,2
trump defends tone say bid win ,2
trump defends tone say bid complete ,2
trump defends tone say bid complete win ,2
trump defends tone say bid complete waste ,2
trump defends tone say bid complete waste win ,2
trump defends tone say bid waste ,2
trump defends tone say bid waste win ,2
trump defends tone say complete ,2
trump defends tone say complete win ,2
trump defends tone say complete waste ,2
trump defends tone say complete waste win ,2
trump defends tone say waste ,2
trump defends tone say waste win ,2
trump defends tone win ,2
trump defends tone bid ,2
trump defends tone bid win ,2
trump defends tone bid complete ,2
trump defends tone bid complete win ,2
trump defends tone bid complete waste ,2
trump defends tone bid complete waste win ,2
trump defends tone bid waste ,2
trump defends tone bid waste win ,2
trump defends tone complete ,2
trump defends tone complete win ,2
trump defends tone complete waste ,2
trump defends tone complete waste win ,2
trump defends tone waste ,2
trump defends tone waste win ,2
trump defends bid ,2
trump defends bid win ,2
trump defends bid complete ,2
trump defends bid complete win ,2
trump defends bid complete waste ,2
trump defends bid complete waste win ,2
trump defends bid waste ,2
trump defends bid waste win ,2
trump defends complete ,2
trump defends complete win ,2
trump defends complete waste ,2
trump defends complete waste win ,2
trump defends waste ,2
trump defends waste win ,2
trump word ,2
trump political ,2
trump bernie ,2
trump bernie debate ,2
trump bernie sander ,2
trump bernie sander debate ,2
trump sander debate ,2
trump paul ,2
trump paul ryan ,2
trump ryan gop ,2
trump ryan meeting ,2
trump ryan unity ,2
trump new ,2
trump new york ,2
trump tone ,2
trump tone say ,2
trump tone say win ,2
trump tone say bid ,2
trump tone say bid win ,2
trump tone say bid complete ,2
trump tone say bid complete win ,2
trump tone say bid complete waste ,2
trump tone say bid complete waste win ,2
trump tone say bid waste ,2
trump tone say bid waste win ,2
trump tone say complete ,2
trump tone say complete win ,2
trump tone say complete waste ,2
trump tone say complete waste win ,2
trump tone say waste ,2
trump tone say waste win ,2
trump tone win ,2
trump tone bid ,2
trump tone bid win ,2
trump tone bid complete ,2
trump tone bid complete win ,2
trump tone bid complete waste ,2
trump tone bid complete waste win ,2
trump tone bid waste ,2
trump tone bid waste win ,2
trump tone complete ,2
trump tone complete win ,2
trump tone complete waste ,2
trump tone complete waste win ,2
trump tone waste ,2
trump tone waste win ,2
trump endorsement ,2
trump likely ,2
trump try ,2
trump attack federal ,2
trump attack federal judge ,2
trump policy ,2
trump keep ,2
trump choice ,2
trump bid ,2
trump bid win ,2
trump bid complete ,2
trump bid complete win ,2
trump bid complete waste ,2
trump bid complete waste win ,2
trump bid waste ,2
trump bid waste win ,2
trump would ,2
trump california ,2
trump need ,2
trump number ,2
trump put ,2
trump swing ,2
trump playbook ,2
trump washington post ,2
trump post ,2
trump event ,2
trump response ,2
trump victory ,2
trump might ,2
trump seek ,2
trump last ,2
trump delegate nomination ,2
trump vp ,2
trump made ,2
trump nominee ,2
trump aide ,2
trump medium ,2
trump call ,2
trump university ,2
trump actually ,2
trump federal ,2
trump federal judge ,2
trump unfair ,2
trump reporter ,2
trump protester ,2
trump fall ,2
trump fall delegate ,2
trump fall short ,2
trump still ,2
trump pick ,2
trump short ,2
trump complete ,2
trump complete win ,2
trump complete waste ,2
trump complete waste win ,2
trump waste ,2
trump waste win ,2
trump hit ,2
trump york ,2
trump present ,2
trump present moral ,2
trump present moral dilemma ,2
trump present dilemma ,2
trump moral ,2
trump moral dilemma ,2
trump dilemma ,2
trump pivot ,2
trump foreign ,2
trump foreign policy ,2
trump matter ,2
trump nominating ,2
trump triumph ,2
trump contested ,2
trump contested convention ,2
trump process ,2
trump home ,2
clinton trump election ,2
clinton trump general ,2
clinton trump general election ,2
clinton speech ,2
clinton could ,2
clinton big ,2
clinton party ,2
clinton shatters ,2
clinton say ,2
clinton race ,2
clinton running ,2
clinton state sander ,2
clinton america ,2
clinton sander new york ,2
clinton sander california ,2
clinton sander york ,2
clinton win state ,2
clinton win bernie ,2
clinton win sander ,2
clinton win primary ,2
clinton democratic ,2
clinton democratic sander ,2
clinton democratic nomination ,2
clinton democratic nomination sander ,2
clinton year ,2
clinton battle ,2
clinton make ,2
clinton policy ,2
clinton fight ,2
clinton first ,2
clinton report ,2
clinton california primary ,2
clinton need ,2
clinton mean ,2
clinton move ,2
clinton victory kentucky ,2
clinton victory kentucky oregon ,2
clinton victory kentucky sander ,2
clinton victory kentucky sander oregon ,2
clinton victory kentucky sander win ,2
clinton victory kentucky sander win oregon ,2
clinton victory kentucky win ,2
clinton victory kentucky win oregon ,2
clinton warren ,2
clinton delegate report ,2
clinton delegate nomination ,2
clinton delegate nomination report ,2
clinton delegate nomination ap ,2
clinton delegate nomination ap report ,2
clinton delegate ap ,2
clinton delegate ap report ,2
clinton declares ,2
clinton declares oregon ,2
clinton declares sander ,2
clinton declares sander oregon ,2
clinton declares sander win ,2
clinton declares sander win oregon ,2
clinton declares win ,2
clinton declares win oregon ,2
clinton declares victory ,2
clinton declares victory oregon ,2
clinton declares victory sander ,2
clinton declares victory sander oregon ,2
clinton declares victory sander win ,2
clinton declares victory sander win oregon ,2
clinton declares victory win ,2
clinton declares victory win oregon ,2
clinton declares victory kentucky ,2
clinton declares victory kentucky oregon ,2
clinton declares victory kentucky sander ,2
clinton declares victory kentucky sander oregon ,2
clinton declares victory kentucky sander win ,2
clinton declares victory kentucky sander win oregon ,2
clinton declares victory kentucky win ,2
clinton declares victory kentucky win oregon ,2
clinton declares kentucky ,2
clinton declares kentucky oregon ,2
clinton declares kentucky sander ,2
clinton declares kentucky sander oregon ,2
clinton declares kentucky sander win ,2
clinton declares kentucky sander win oregon ,2
clinton declares kentucky win ,2
clinton declares kentucky win oregon ,2
clinton clinch sander ,2
clinton clinch democratic ,2
clinton clinch democratic sander ,2
clinton clinch democratic nomination ,2
clinton clinch democratic nomination sander ,2
clinton clinch nomination sander ,2
clinton nomination report ,2
clinton nomination ap ,2
clinton nomination ap report ,2
clinton historic ,2
clinton milestone ,2
clinton claim win ,2
clinton claim victory ,2
clinton nominee ,2
clinton ap ,2
clinton ap report ,2
clinton question ,2
clinton moderate ,2
clinton high ,2
clinton card ,2
clinton home ,2
clinton wisconsin ,2
planned parenthood ,2
debate clinton ,2
debate sander ,2
debate new york ,2
debate york ,2
gop big ,2
gop candidate ,2
gop house ,2
gop battle ,2
gop voter ,2
gop donald ,2
gop nomination ,2
gop leader trump ,2
campaign gop ,2
campaign one ,2
could trump ,2
could give ,2
support campaign ,2
rnc party run ,2
rnc run ,2
rnc third ,2
rnc third party ,2
rnc third party run ,2
rnc third run ,2
rnc chairman ,2
rnc chairman party ,2
rnc chairman party run ,2
rnc chairman run ,2
rnc chairman third ,2
rnc chairman third party ,2
rnc chairman third party run ,2
rnc chairman third run ,2
rnc chairman suicide ,2
rnc suicide ,2
deal big ,2
big money ,2
big party ,2
big win ,2
big takeaway ,2
big new ,2
big new york ,2
big york ,2
back clinton ,2
party clinton ,2
party candidate ,2
party primary ,2
party election ,2
party convention ,2
party run ,2
party find ,2
party general ,2
party general election ,2
party unity ,2
party nominee ,2
party leader ,2
hillary trump ,2
hillary clinton could ,2
hillary clinton shatters ,2
hillary clinton state ,2
hillary clinton win state ,2
hillary clinton election ,2
hillary clinton policy ,2
hillary clinton need ,2
hillary clinton mean ,2
hillary clinton delegate ,2
hillary could ,2
hillary shatters ,2
hillary state ,2
hillary win state ,2
hillary policy ,2
hillary need ,2
hillary mean ,2
hillary delegate ,2
hillary general ,2
hillary general election ,2
hillary kentucky ,2
republican trump present ,2
republican trump present moral ,2
republican trump present moral dilemma ,2
republican trump present dilemma ,2
republican trump moral ,2
republican trump moral dilemma ,2
republican trump dilemma ,2
republican video ,2
republican party ,2
republican biggest ,2
republican present ,2
republican present moral ,2
republican present moral dilemma ,2
republican present dilemma ,2
republican moral ,2
republican moral dilemma ,2
republican dilemma ,2
g p ,2
jeb bush ,2
bush education ,2
say right ,2
say opponent ,2
say win ,2
say bid ,2
say bid win ,2
say bid complete ,2
say bid complete win ,2
say bid complete waste ,2
say bid complete waste win ,2
say bid waste ,2
say bid waste win ,2
say would ,2
say donald ,2
say donald trump ,2
say leader ,2
say world ,2
say world leader ,2
say complete ,2
say complete win ,2
say complete waste ,2
say complete waste win ,2
say waste ,2
say waste win ,2
house bill ,2
house gop ,2
house dems ,2
house dems lgbt ,2
house lgbt ,2
running president ,2
defends say ,2
defends say win ,2
defends say bid ,2
defends say bid win ,2
defends say bid complete ,2
defends say bid complete win ,2
defends say bid complete waste ,2
defends say bid complete waste win ,2
defends say bid waste ,2
defends say bid waste win ,2
defends say complete ,2
defends say complete win ,2
defends say complete waste ,2
defends say complete waste win ,2
defends say waste ,2
defends say waste win ,2
defends win ,2
defends tone ,2
defends tone say ,2
defends tone say win ,2
defends tone say bid ,2
defends tone say bid win ,2
defends tone say bid complete ,2
defends tone say bid complete win ,2
defends tone say bid complete waste ,2
defends tone say bid complete waste win ,2
defends tone say bid waste ,2
defends tone say bid waste win ,2
defends tone say complete ,2
defends tone say complete win ,2
defends tone say complete waste ,2
defends tone say complete waste win ,2
defends tone say waste ,2
defends tone say waste win ,2
defends tone win ,2
defends tone bid ,2
defends tone bid win ,2
defends tone bid complete ,2
defends tone bid complete win ,2
defends tone bid complete waste ,2
defends tone bid complete waste win ,2
defends tone bid waste ,2
defends tone bid waste win ,2
defends tone complete ,2
defends tone complete win ,2
defends tone complete waste ,2
defends tone complete waste win ,2
defends tone waste ,2
defends tone waste win ,2
defends bid ,2
defends bid win ,2
defends bid complete ,2
defends bid complete win ,2
defends bid complete waste ,2
defends bid complete waste win ,2
defends bid waste ,2
defends bid waste win ,2
defends complete ,2
defends complete win ,2
defends complete waste ,2
defends complete waste win ,2
defends waste ,2
defends waste win ,2
obama say ,2
obama say trump ,2
obama say leader ,2
obama say world ,2
obama say world leader ,2
obama budget ,2
obama leader ,2
obama world ,2
obama world leader ,2
dems clinton ,2
dems clinton even ,2
dems gop ,2
dems lgbt ,2
dems even ,2
state sander ,2
bernie bernie ,2
bernie sander win ,2
bernie want bernie ,2
bernie win ,2
bernie voter ,2
bernie california ,2
bernie poll ,2
bernie endgame ,2
sander clinton win ,2
sander clinton battle ,2
sander clinton wisconsin ,2
sander race ,2
sander chaos ,2
sander win trump ,2
sander win primary ,2
sander new york ,2
sander vote ,2
sander vow fight ,2
sander nevada ,2
sander nevada chaos ,2
sander fight ,2
sander lead ,2
sander end ,2
sander millennials ,2
sander eye ,2
sander american ,2
sander superdelegates ,2
sander york ,2
sander west ,2
sander west virginia ,2
sander virginia ,2
sander wisconsin ,2
sander late ,2
want clinton ,2
want bernie ,2
want bernie bernie ,2
want bernie want ,2
want bernie want bernie ,2
want want ,2
want want bernie ,2
want win ,2
win trump clinton ,2
win clinton ,2
win party ,2
win state ,2
win bernie ,2
win sander ,2
win convention ,2
win california ,2
win california primary ,2
win nomination ,2
win virginia ,2
democratic convention ,2
democratic nomination sander ,2
takeaway primary ,2
primary clinton ,2
primary race ,2
primary change ,2
primary win ,2
primary battle ,2
primary key ,2
primary matter ,2
inside campaign ,2
inside cruz ,2
ryan say ,2
ryan house ,2
ryan encouraged ,2
ryan endorsement ,2
ryan budget ,2
new trump look ,2
new trump home ,2
new clinton look ,2
new clinton home ,2
new race ,2
new state ,2
new primary race ,2
new look ,2
new york trump clinton ,2
new york trump look ,2
new york trump home ,2
new york clinton look ,2
new york clinton home ,2
new york race ,2
new york state ,2
new york primary race ,2
new york look ,2
new york home ,2
new home ,2
tone say ,2
tone say win ,2
tone say bid ,2
tone say bid win ,2
tone say bid complete ,2
tone say bid complete win ,2
tone say bid complete waste ,2
tone say bid complete waste win ,2
tone say bid waste ,2
tone say bid waste win ,2
tone say complete ,2
tone say complete win ,2
tone say complete waste ,2
tone say complete waste win ,2
tone say waste ,2
tone say waste win ,2
tone win ,2
tone bid ,2
tone bid win ,2
tone bid complete ,2
tone bid complete win ,2
tone bid complete waste ,2
tone bid complete waste win ,2
tone bid waste ,2
tone bid waste win ,2
tone complete ,2
tone complete win ,2
tone complete waste ,2
tone complete waste win ,2
tone waste ,2
tone waste win ,2
election clinton ,2
election gop ,2
election bernie ,2
election win ,2
election voter ,2
vote trump ,2
budget test ,2
vow fight ,2
barack obama ,2
nevada chaos ,2
wasserman sander ,2
wasserman schultz ,2
wasserman schultz sander ,2
schultz sander ,2
democrat bernie ,2
democrat bernie bernie ,2
democrat bernie want ,2
democrat bernie want bernie ,2
democrat want ,2
democrat want bernie ,2
democrat want bernie bernie ,2
democrat want bernie want ,2
democrat want bernie want bernie ,2
democrat want want ,2
democrat want want bernie ,2
attack trump ,2
attack federal ,2
attack federal judge ,2
voter see ,2
voter see trump ,2
dnc chair ,2
dem sander ,2
u clinton ,2
u election ,2
u election clinton ,2
u economy add ,2
u economy add job ,2
u add ,2
u add job ,2
koch spend ,2
koch spend nearly ,2
koch spend nearly billion ,2
koch spend billion ,2
koch nearly ,2
koch nearly billion ,2
koch billion ,2
run one ,2
senate gop ,2
senate primary ,2
cast shadow ,2
first test ,2
cruz trump delegate ,2
cruz video ,2
cruz campaign trump ,2
cruz running ,2
cruz running mate ,2
cruz sander ,2
cruz win delegate ,2
cruz fight ,2
cruz donald ,2
cruz donald trump ,2
cruz delegate trump ,2
cruz mate ,2
cruz protester ,2
cruz pick ,2
cruz team ,2
cruz team trump ,2
cruz kasich video ,2
cruz kasich team ,2
cruz kasich team trump ,2
cruz kasich strategy ,2
cruz kasich strategy trump ,2
cruz kasich announce ,2
cruz kasich announce trump ,2
cruz kasich alliance trump ,2
cruz kasich alliance video ,2
cruz announce ,2
cruz announce trump ,2
cruz ny ,2
cruz contested ,2
cruz contested convention ,2
cruz alliance trump ,2
cruz alliance video ,2
cruz convincing ,2
economy add ,2
economy add job ,2
economy job rate ,2
economy rate ,2
add job ,2
job rate ,2
may take ,2
bid win ,2
bid complete ,2
bid complete win ,2
bid complete waste ,2
bid complete waste win ,2
bid waste ,2
bid waste win ,2
would trump ,2
save senate ,2
middle class ,2
better trump ,2
real clinton ,2
real hillary ,2
real hillary clinton ,2
fact check ,2
easily win ,2
easily win primary ,2
easily primary ,2
spend nearly ,2
spend nearly billion ,2
spend billion ,2
nearly billion ,2
see trump ,2
poll trump hillary ,2
poll clinton ,2
poll hillary ,2
poll percent ,2
landslide win ,2
join trump ,2
donald trump debate ,2
donald trump gop ,2
donald trump campaign ,2
donald trump big ,2
donald trump press ,2
donald trump america ,2
donald trump bernie ,2
donald trump bernie debate ,2
donald trump bernie sander ,2
donald trump bernie sander debate ,2
donald trump sander ,2
donald trump sander debate ,2
donald trump really ,2
donald trump paul ,2
donald trump paul ryan ,2
donald trump ryan ,2
donald trump election ,2
donald trump attack ,2
donald trump policy ,2
donald trump need ,2
donald trump washington post ,2
donald trump post ,2
donald trump rally ,2
donald trump made ,2
donald trump judge ,2
donald trump actually ,2
donald trump foreign ,2
donald trump foreign policy ,2
donald trump thing ,2
donald debate ,2
donald gop ,2
donald campaign ,2
donald big ,2
donald press ,2
donald america ,2
donald bernie ,2
donald bernie debate ,2
donald bernie sander ,2
donald bernie sander debate ,2
donald sander ,2
donald sander debate ,2
donald really ,2
donald paul ,2
donald paul ryan ,2
donald ryan ,2
donald election ,2
donald attack ,2
donald policy ,2
donald need ,2
donald washington post ,2
donald post ,2
donald rally ,2
donald made ,2
donald judge ,2
donald actually ,2
donald foreign ,2
donald foreign policy ,2
donald thing ,2
washington post ,2
victory kentucky ,2
victory kentucky oregon ,2
victory kentucky sander ,2
victory kentucky sander oregon ,2
victory kentucky sander win ,2
victory kentucky sander win oregon ,2
victory kentucky win ,2
victory kentucky win oregon ,2
exclusive trump ,2
elizabeth trump ,2
elizabeth clinton ,2
elizabeth hillary ,2
elizabeth hillary clinton ,2
elizabeth donald ,2
elizabeth donald trump ,2
elizabeth warren trump ,2
elizabeth warren clinton ,2
elizabeth warren hillary ,2
elizabeth warren hillary clinton ,2
elizabeth warren donald ,2
elizabeth warren donald trump ,2
warren trump ,2
warren clinton ,2
warren hillary ,2
warren hillary clinton ,2
warren donald ,2
warren donald trump ,2
delegate report ,2
delegate nomination report ,2
delegate nomination ap ,2
delegate nomination ap report ,2
delegate ap ,2
delegate ap report ,2
declares clinton ,2
declares oregon ,2
declares sander ,2
declares sander oregon ,2
declares sander win ,2
declares sander win oregon ,2
declares win ,2
declares win oregon ,2
declares victory ,2
declares victory oregon ,2
declares victory sander ,2
declares victory sander oregon ,2
declares victory sander win ,2
declares victory sander win oregon ,2
declares victory win ,2
declares victory win oregon ,2
declares victory kentucky ,2
declares victory kentucky oregon ,2
declares victory kentucky sander ,2
declares victory kentucky sander oregon ,2
declares victory kentucky sander win ,2
declares victory kentucky sander win oregon ,2
declares victory kentucky win ,2
declares victory kentucky win oregon ,2
declares kentucky ,2
declares kentucky oregon ,2
declares kentucky sander ,2
declares kentucky sander oregon ,2
declares kentucky sander win ,2
declares kentucky sander win oregon ,2
declares kentucky win ,2
declares kentucky win oregon ,2
find trump ,2
find trump clinton ,2
find clinton ,2
clinch sander ,2
clinch democratic ,2
clinch democratic sander ,2
clinch democratic nomination ,2
clinch democratic nomination sander ,2
clinch nomination sander ,2
nomination report ,2
nomination ap ,2
nomination ap report ,2
refuse support ,2
refuse keep ,2
glass ceiling ,2
claim win ,2
claim victory ,2
nominee win ,2
endorses trump ,2
presumptive trump ,2
presumptive nominee trump ,2
ap report ,2
megyn trump say ,2
megyn trump say win ,2
megyn trump say bid ,2
megyn trump say bid win ,2
megyn trump say bid complete ,2
megyn trump say bid complete win ,2
megyn trump say bid complete waste ,2
megyn trump say bid complete waste win ,2
megyn trump say bid waste ,2
megyn trump say bid waste win ,2
megyn trump say complete ,2
megyn trump say complete win ,2
megyn trump say complete waste ,2
megyn trump say complete waste win ,2
megyn trump say waste ,2
megyn trump say waste win ,2
megyn trump defends ,2
megyn trump defends say ,2
megyn trump defends say win ,2
megyn trump defends say bid ,2
megyn trump defends say bid win ,2
megyn trump defends say bid complete ,2
megyn trump defends say bid complete win ,2
megyn trump defends say bid complete waste ,2
megyn trump defends say bid complete waste win ,2
megyn trump defends say bid waste ,2
megyn trump defends say bid waste win ,2
megyn trump defends say complete ,2
megyn trump defends say complete win ,2
megyn trump defends say complete waste ,2
megyn trump defends say complete waste win ,2
megyn trump defends say waste ,2
megyn trump defends say waste win ,2
megyn trump defends win ,2
megyn trump defends tone ,2
megyn trump defends tone say ,2
megyn trump defends tone say win ,2
megyn trump defends tone say bid ,2
megyn trump defends tone say bid win ,2
megyn trump defends tone say bid complete ,2
megyn trump defends tone say bid complete win ,2
megyn trump defends tone say bid complete waste ,2
megyn trump defends tone say bid complete waste win ,2
megyn trump defends tone say bid waste ,2
megyn trump defends tone say bid waste win ,2
megyn trump defends tone say complete ,2
megyn trump defends tone say complete win ,2
megyn trump defends tone say complete waste ,2
megyn trump defends tone say complete waste win ,2
megyn trump defends tone say waste ,2
megyn trump defends tone say waste win ,2
megyn trump defends tone win ,2
megyn trump defends tone bid ,2
megyn trump defends tone bid win ,2
megyn trump defends tone bid complete ,2
megyn trump defends tone bid complete win ,2
megyn trump defends tone bid complete waste ,2
megyn trump defends tone bid complete waste win ,2
megyn trump defends tone bid waste ,2
megyn trump defends tone bid waste win ,2
megyn trump defends tone complete ,2
megyn trump defends tone complete win ,2
megyn trump defends tone complete waste ,2
megyn trump defends tone complete waste win ,2
megyn trump defends tone waste ,2
megyn trump defends tone waste win ,2
megyn trump defends bid ,2
megyn trump defends bid win ,2
megyn trump defends bid complete ,2
megyn trump defends bid complete win ,2
megyn trump defends bid complete waste ,2
megyn trump defends bid complete waste win ,2
megyn trump defends bid waste ,2
megyn trump defends bid waste win ,2
megyn trump defends complete ,2
megyn trump defends complete win ,2
megyn trump defends complete waste ,2
megyn trump defends complete waste win ,2
megyn trump defends waste ,2
megyn trump defends waste win ,2
megyn trump win ,2
megyn trump tone ,2
megyn trump tone say ,2
megyn trump tone say win ,2
megyn trump tone say bid ,2
megyn trump tone say bid win ,2
megyn trump tone say bid complete ,2
megyn trump tone say bid complete win ,2
megyn trump tone say bid complete waste ,2
megyn trump tone say bid complete waste win ,2
megyn trump tone say bid waste ,2
megyn trump tone say bid waste win ,2
megyn trump tone say complete ,2
megyn trump tone say complete win ,2
megyn trump tone say complete waste ,2
megyn trump tone say complete waste win ,2
megyn trump tone say waste ,2
megyn trump tone say waste win ,2
megyn trump tone win ,2
megyn trump tone bid ,2
megyn trump tone bid win ,2
megyn trump tone bid complete ,2
megyn trump tone bid complete win ,2
megyn trump tone bid complete waste ,2
megyn trump tone bid complete waste win ,2
megyn trump tone bid waste ,2
megyn trump tone bid waste win ,2
megyn trump tone complete ,2
megyn trump tone complete win ,2
megyn trump tone complete waste ,2
megyn trump tone complete waste win ,2
megyn trump tone waste ,2
megyn trump tone waste win ,2
megyn trump bid ,2
megyn trump bid win ,2
megyn trump bid complete ,2
megyn trump bid complete win ,2
megyn trump bid complete waste ,2
megyn trump bid complete waste win ,2
megyn trump bid waste ,2
megyn trump bid waste win ,2
megyn trump complete ,2
megyn trump complete win ,2
megyn trump complete waste ,2
megyn trump complete waste win ,2
megyn trump waste ,2
megyn trump waste win ,2
megyn say ,2
megyn say win ,2
megyn say bid ,2
megyn say bid win ,2
megyn say bid complete ,2
megyn say bid complete win ,2
megyn say bid complete waste ,2
megyn say bid complete waste win ,2
megyn say bid waste ,2
megyn say bid waste win ,2
megyn say complete ,2
megyn say complete win ,2
megyn say complete waste ,2
megyn say complete waste win ,2
megyn say waste ,2
megyn say waste win ,2
megyn defends ,2
megyn defends say ,2
megyn defends say win ,2
megyn defends say bid ,2
megyn defends say bid win ,2
megyn defends say bid complete ,2
megyn defends say bid complete win ,2
megyn defends say bid complete waste ,2
megyn defends say bid complete waste win ,2
megyn defends say bid waste ,2
megyn defends say bid waste win ,2
megyn defends say complete ,2
megyn defends say complete win ,2
megyn defends say complete waste ,2
megyn defends say complete waste win ,2
megyn defends say waste ,2
megyn defends say waste win ,2
megyn defends win ,2
megyn defends tone ,2
megyn defends tone say ,2
megyn defends tone say win ,2
megyn defends tone say bid ,2
megyn defends tone say bid win ,2
megyn defends tone say bid complete ,2
megyn defends tone say bid complete win ,2
megyn defends tone say bid complete waste ,2
megyn defends tone say bid complete waste win ,2
megyn defends tone say bid waste ,2
megyn defends tone say bid waste win ,2
megyn defends tone say complete ,2
megyn defends tone say complete win ,2
megyn defends tone say complete waste ,2
megyn defends tone say complete waste win ,2
megyn defends tone say waste ,2
megyn defends tone say waste win ,2
megyn defends tone win ,2
megyn defends tone bid ,2
megyn defends tone bid win ,2
megyn defends tone bid complete ,2
megyn defends tone bid complete win ,2
megyn defends tone bid complete waste ,2
megyn defends tone bid complete waste win ,2
megyn defends tone bid waste ,2
megyn defends tone bid waste win ,2
megyn defends tone complete ,2
megyn defends tone complete win ,2
megyn defends tone complete waste ,2
megyn defends tone complete waste win ,2
megyn defends tone waste ,2
megyn defends tone waste win ,2
megyn defends bid ,2
megyn defends bid win ,2
megyn defends bid complete ,2
megyn defends bid complete win ,2
megyn defends bid complete waste ,2
megyn defends bid complete waste win ,2
megyn defends bid waste ,2
megyn defends bid waste win ,2
megyn defends complete ,2
megyn defends complete win ,2
megyn defends complete waste ,2
megyn defends complete waste win ,2
megyn defends waste ,2
megyn defends waste win ,2
megyn win ,2
megyn tone ,2
megyn tone say ,2
megyn tone say win ,2
megyn tone say bid ,2
megyn tone say bid win ,2
megyn tone say bid complete ,2
megyn tone say bid complete win ,2
megyn tone say bid complete waste ,2
megyn tone say bid complete waste win ,2
megyn tone say bid waste ,2
megyn tone say bid waste win ,2
megyn tone say complete ,2
megyn tone say complete win ,2
megyn tone say complete waste ,2
megyn tone say complete waste win ,2
megyn tone say waste ,2
megyn tone say waste win ,2
megyn tone win ,2
megyn tone bid ,2
megyn tone bid win ,2
megyn tone bid complete ,2
megyn tone bid complete win ,2
megyn tone bid complete waste ,2
megyn tone bid complete waste win ,2
megyn tone bid waste ,2
megyn tone bid waste win ,2
megyn tone complete ,2
megyn tone complete win ,2
megyn tone complete waste ,2
megyn tone complete waste win ,2
megyn tone waste ,2
megyn tone waste win ,2
megyn bid ,2
megyn bid win ,2
megyn bid complete ,2
megyn bid complete win ,2
megyn bid complete waste ,2
megyn bid complete waste win ,2
megyn bid waste ,2
megyn bid waste win ,2
megyn kelly trump say ,2
megyn kelly trump say win ,2
megyn kelly trump say bid ,2
megyn kelly trump say bid win ,2
megyn kelly trump say bid complete ,2
megyn kelly trump say bid complete win ,2
megyn kelly trump say bid complete waste ,2
megyn kelly trump say bid complete waste win ,2
megyn kelly trump say bid waste ,2
megyn kelly trump say bid waste win ,2
megyn kelly trump say complete ,2
megyn kelly trump say complete win ,2
megyn kelly trump say complete waste ,2
megyn kelly trump say complete waste win ,2
megyn kelly trump say waste ,2
megyn kelly trump say waste win ,2
megyn kelly trump defends ,2
megyn kelly trump defends say ,2
megyn kelly trump defends say win ,2
megyn kelly trump defends say bid ,2
megyn kelly trump defends say bid win ,2
megyn kelly trump defends say bid complete ,2
megyn kelly trump defends say bid complete win ,2
megyn kelly trump defends say bid complete waste ,2
megyn kelly trump defends say bid complete waste win ,2
megyn kelly trump defends say bid waste ,2
megyn kelly trump defends say bid waste win ,2
megyn kelly trump defends say complete ,2
megyn kelly trump defends say complete win ,2
megyn kelly trump defends say complete waste ,2
megyn kelly trump defends say complete waste win ,2
megyn kelly trump defends say waste ,2
megyn kelly trump defends say waste win ,2
megyn kelly trump defends win ,2
megyn kelly trump defends tone ,2
megyn kelly trump defends tone say ,2
megyn kelly trump defends tone say win ,2
megyn kelly trump defends tone say bid ,2
megyn kelly trump defends tone say bid win ,2
megyn kelly trump defends tone say bid complete ,2
megyn kelly trump defends tone say bid complete win ,2
megyn kelly trump defends tone say bid complete waste ,2
megyn kelly trump defends tone say bid complete waste win ,2
megyn kelly trump defends tone say bid waste ,2
megyn kelly trump defends tone say bid waste win ,2
megyn kelly trump defends tone say complete ,2
megyn kelly trump defends tone say complete win ,2
megyn kelly trump defends tone say complete waste ,2
megyn kelly trump defends tone say complete waste win ,2
megyn kelly trump defends tone say waste ,2
megyn kelly trump defends tone say waste win ,2
megyn kelly trump defends tone win ,2
megyn kelly trump defends tone bid ,2
megyn kelly trump defends tone bid win ,2
megyn kelly trump defends tone bid complete ,2
megyn kelly trump defends tone bid complete win ,2
megyn kelly trump defends tone bid complete waste ,2
megyn kelly trump defends tone bid complete waste win ,2
megyn kelly trump defends tone bid waste ,2
megyn kelly trump defends tone bid waste win ,2
megyn kelly trump defends tone complete ,2
megyn kelly trump defends tone complete win ,2
megyn kelly trump defends tone complete waste ,2
megyn kelly trump defends tone complete waste win ,2
megyn kelly trump defends tone waste ,2
megyn kelly trump defends tone waste win ,2
megyn kelly trump defends bid ,2
megyn kelly trump defends bid win ,2
megyn kelly trump defends bid complete ,2
megyn kelly trump defends bid complete win ,2
megyn kelly trump defends bid complete waste ,2
megyn kelly trump defends bid complete waste win ,2
megyn kelly trump defends bid waste ,2
megyn kelly trump defends bid waste win ,2
megyn kelly trump defends complete ,2
megyn kelly trump defends complete win ,2
megyn kelly trump defends complete waste ,2
megyn kelly trump defends complete waste win ,2
megyn kelly trump defends waste ,2
megyn kelly trump defends waste win ,2
megyn kelly trump win ,2
megyn kelly trump tone ,2
megyn kelly trump tone say ,2
megyn kelly trump tone say win ,2
megyn kelly trump tone say bid ,2
megyn kelly trump tone say bid win ,2
megyn kelly trump tone say bid complete ,2
megyn kelly trump tone say bid complete win ,2
megyn kelly trump tone say bid complete waste ,2
megyn kelly trump tone say bid complete waste win ,2
megyn kelly trump tone say bid waste ,2
megyn kelly trump tone say bid waste win ,2
megyn kelly trump tone say complete ,2
megyn kelly trump tone say complete win ,2
megyn kelly trump tone say complete waste ,2
megyn kelly trump tone say complete waste win ,2
megyn kelly trump tone say waste ,2
megyn kelly trump tone say waste win ,2
megyn kelly trump tone win ,2
megyn kelly trump tone bid ,2
megyn kelly trump tone bid win ,2
megyn kelly trump tone bid complete ,2
megyn kelly trump tone bid complete win ,2
megyn kelly trump tone bid complete waste ,2
megyn kelly trump tone bid complete waste win ,2
megyn kelly trump tone bid waste ,2
megyn kelly trump tone bid waste win ,2
megyn kelly trump tone complete ,2
megyn kelly trump tone complete win ,2
megyn kelly trump tone complete waste ,2
megyn kelly trump tone complete waste win ,2
megyn kelly trump tone waste ,2
megyn kelly trump tone waste win ,2
megyn kelly trump bid ,2
megyn kelly trump bid win ,2
megyn kelly trump bid complete ,2
megyn kelly trump bid complete win ,2
megyn kelly trump bid complete waste ,2
megyn kelly trump bid complete waste win ,2
megyn kelly trump bid waste ,2
megyn kelly trump bid waste win ,2
megyn kelly trump complete ,2
megyn kelly trump complete win ,2
megyn kelly trump complete waste ,2
megyn kelly trump complete waste win ,2
megyn kelly trump waste ,2
megyn kelly trump waste win ,2
megyn kelly say ,2
megyn kelly say win ,2
megyn kelly say bid ,2
megyn kelly say bid win ,2
megyn kelly say bid complete ,2
megyn kelly say bid complete win ,2
megyn kelly say bid complete waste ,2
megyn kelly say bid complete waste win ,2
megyn kelly say bid waste ,2
megyn kelly say bid waste win ,2
megyn kelly say complete ,2
megyn kelly say complete win ,2
megyn kelly say complete waste ,2
megyn kelly say complete waste win ,2
megyn kelly say waste ,2
megyn kelly say waste win ,2
megyn kelly defends ,2
megyn kelly defends say ,2
megyn kelly defends say win ,2
megyn kelly defends say bid ,2
megyn kelly defends say bid win ,2
megyn kelly defends say bid complete ,2
megyn kelly defends say bid complete win ,2
megyn kelly defends say bid complete waste ,2
megyn kelly defends say bid complete waste win ,2
megyn kelly defends say bid waste ,2
megyn kelly defends say bid waste win ,2
megyn kelly defends say complete ,2
megyn kelly defends say complete win ,2
megyn kelly defends say complete waste ,2
megyn kelly defends say complete waste win ,2
megyn kelly defends say waste ,2
megyn kelly defends say waste win ,2
megyn kelly defends win ,2
megyn kelly defends tone ,2
megyn kelly defends tone say ,2
megyn kelly defends tone say win ,2
megyn kelly defends tone say bid ,2
megyn kelly defends tone say bid win ,2
megyn kelly defends tone say bid complete ,2
megyn kelly defends tone say bid complete win ,2
megyn kelly defends tone say bid complete waste ,2
megyn kelly defends tone say bid complete waste win ,2
megyn kelly defends tone say bid waste ,2
megyn kelly defends tone say bid waste win ,2
megyn kelly defends tone say complete ,2
megyn kelly defends tone say complete win ,2
megyn kelly defends tone say complete waste ,2
megyn kelly defends tone say complete waste win ,2
megyn kelly defends tone say waste ,2
megyn kelly defends tone say waste win ,2
megyn kelly defends tone win ,2
megyn kelly defends tone bid ,2
megyn kelly defends tone bid win ,2
megyn kelly defends tone bid complete ,2
megyn kelly defends tone bid complete win ,2
megyn kelly defends tone bid complete waste ,2
megyn kelly defends tone bid complete waste win ,2
megyn kelly defends tone bid waste ,2
megyn kelly defends tone bid waste win ,2
megyn kelly defends tone complete ,2
megyn kelly defends tone complete win ,2
megyn kelly defends tone complete waste ,2
megyn kelly defends tone complete waste win ,2
megyn kelly defends tone waste ,2
megyn kelly defends tone waste win ,2
megyn kelly defends bid ,2
megyn kelly defends bid win ,2
megyn kelly defends bid complete ,2
megyn kelly defends bid complete win ,2
megyn kelly defends bid complete waste ,2
megyn kelly defends bid complete waste win ,2
megyn kelly defends bid waste ,2
megyn kelly defends bid waste win ,2
megyn kelly defends complete ,2
megyn kelly defends complete win ,2
megyn kelly defends complete waste ,2
megyn kelly defends complete waste win ,2
megyn kelly defends waste ,2
megyn kelly defends waste win ,2
megyn kelly win ,2
megyn kelly tone ,2
megyn kelly tone say ,2
megyn kelly tone say win ,2
megyn kelly tone say bid ,2
megyn kelly tone say bid win ,2
megyn kelly tone say bid complete ,2
megyn kelly tone say bid complete win ,2
megyn kelly tone say bid complete waste ,2
megyn kelly tone say bid complete waste win ,2
megyn kelly tone say bid waste ,2
megyn kelly tone say bid waste win ,2
megyn kelly tone say complete ,2
megyn kelly tone say complete win ,2
megyn kelly tone say complete waste ,2
megyn kelly tone say complete waste win ,2
megyn kelly tone say waste ,2
megyn kelly tone say waste win ,2
megyn kelly tone win ,2
megyn kelly tone bid ,2
megyn kelly tone bid win ,2
megyn kelly tone bid complete ,2
megyn kelly tone bid complete win ,2
megyn kelly tone bid complete waste ,2
megyn kelly tone bid complete waste win ,2
megyn kelly tone bid waste ,2
megyn kelly tone bid waste win ,2
megyn kelly tone complete ,2
megyn kelly tone complete win ,2
megyn kelly tone complete waste ,2
megyn kelly tone complete waste win ,2
megyn kelly tone waste ,2
megyn kelly tone waste win ,2
megyn kelly bid ,2
megyn kelly bid win ,2
megyn kelly bid complete ,2
megyn kelly bid complete win ,2
megyn kelly bid complete waste ,2
megyn kelly bid complete waste win ,2
megyn kelly bid waste ,2
megyn kelly bid waste win ,2
megyn kelly special ,2
megyn kelly special trump ,2
megyn kelly special trump say ,2
megyn kelly special trump say win ,2
megyn kelly special trump say bid ,2
megyn kelly special trump say bid win ,2
megyn kelly special trump say bid complete ,2
megyn kelly special trump say bid complete win ,2
megyn kelly special trump say bid complete waste ,2
megyn kelly special trump say bid complete waste win ,2
megyn kelly special trump say bid waste ,2
megyn kelly special trump say bid waste win ,2
megyn kelly special trump say complete ,2
megyn kelly special trump say complete win ,2
megyn kelly special trump say complete waste ,2
megyn kelly special trump say complete waste win ,2
megyn kelly special trump say waste ,2
megyn kelly special trump say waste win ,2
megyn kelly special trump defends ,2
megyn kelly special trump defends say ,2
megyn kelly special trump defends say win ,2
megyn kelly special trump defends say bid ,2
megyn kelly special trump defends say bid win ,2
megyn kelly special trump defends say bid complete ,2
megyn kelly special trump defends say bid complete win ,2
megyn kelly special trump defends say bid complete waste ,2
megyn kelly special trump defends say bid complete waste win ,2
megyn kelly special trump defends say bid waste ,2
megyn kelly special trump defends say bid waste win ,2
megyn kelly special trump defends say complete ,2
megyn kelly special trump defends say complete win ,2
megyn kelly special trump defends say complete waste ,2
megyn kelly special trump defends say complete waste win ,2
megyn kelly special trump defends say waste ,2
megyn kelly special trump defends say waste win ,2
megyn kelly special trump defends win ,2
megyn kelly special trump defends tone ,2
megyn kelly special trump defends tone say ,2
megyn kelly special trump defends tone say win ,2
megyn kelly special trump defends tone say bid ,2
megyn kelly special trump defends tone say bid win ,2
megyn kelly special trump defends tone say bid complete ,2
megyn kelly special trump defends tone say bid complete win ,2
megyn kelly special trump defends tone say bid complete waste ,2
megyn kelly special trump defends tone say bid complete waste win ,2
megyn kelly special trump defends tone say bid waste ,2
megyn kelly special trump defends tone say bid waste win ,2
megyn kelly special trump defends tone say complete ,2
megyn kelly special trump defends tone say complete win ,2
megyn kelly special trump defends tone say complete waste ,2
megyn kelly special trump defends tone say complete waste win ,2
megyn kelly special trump defends tone say waste ,2
megyn kelly special trump defends tone say waste win ,2
megyn kelly special trump defends tone win ,2
megyn kelly special trump defends tone bid ,2
megyn kelly special trump defends tone bid win ,2
megyn kelly special trump defends tone bid complete ,2
megyn kelly special trump defends tone bid complete win ,2
megyn kelly special trump defends tone bid complete waste ,2
megyn kelly special trump defends tone bid complete waste win ,2
megyn kelly special trump defends tone bid waste ,2
megyn kelly special trump defends tone bid waste win ,2
megyn kelly special trump defends tone complete ,2
megyn kelly special trump defends tone complete win ,2
megyn kelly special trump defends tone complete waste ,2
megyn kelly special trump defends tone complete waste win ,2
megyn kelly special trump defends tone waste ,2
megyn kelly special trump defends tone waste win ,2
megyn kelly special trump defends bid ,2
megyn kelly special trump defends bid win ,2
megyn kelly special trump defends bid complete ,2
megyn kelly special trump defends bid complete win ,2
megyn kelly special trump defends bid complete waste ,2
megyn kelly special trump defends bid complete waste win ,2
megyn kelly special trump defends bid waste ,2
megyn kelly special trump defends bid waste win ,2
megyn kelly special trump defends complete ,2
megyn kelly special trump defends complete win ,2
megyn kelly special trump defends complete waste ,2
megyn kelly special trump defends complete waste win ,2
megyn kelly special trump defends waste ,2
megyn kelly special trump defends waste win ,2
megyn kelly special trump win ,2
megyn kelly special trump tone ,2
megyn kelly special trump tone say ,2
megyn kelly special trump tone say win ,2
megyn kelly special trump tone say bid ,2
megyn kelly special trump tone say bid win ,2
megyn kelly special trump tone say bid complete ,2
megyn kelly special trump tone say bid complete win ,2
megyn kelly special trump tone say bid complete waste ,2
megyn kelly special trump tone say bid complete waste win ,2
megyn kelly special trump tone say bid waste ,2
megyn kelly special trump tone say bid waste win ,2
megyn kelly special trump tone say complete ,2
megyn kelly special trump tone say complete win ,2
megyn kelly special trump tone say complete waste ,2
megyn kelly special trump tone say complete waste win ,2
megyn kelly special trump tone say waste ,2
megyn kelly special trump tone say waste win ,2
megyn kelly special trump tone win ,2
megyn kelly special trump tone bid ,2
megyn kelly special trump tone bid win ,2
megyn kelly special trump tone bid complete ,2
megyn kelly special trump tone bid complete win ,2
megyn kelly special trump tone bid complete waste ,2
megyn kelly special trump tone bid complete waste win ,2
megyn kelly special trump tone bid waste ,2
megyn kelly special trump tone bid waste win ,2
megyn kelly special trump tone complete ,2
megyn kelly special trump tone complete win ,2
megyn kelly special trump tone complete waste ,2
megyn kelly special trump tone complete waste win ,2
megyn kelly special trump tone waste ,2
megyn kelly special trump tone waste win ,2
megyn kelly special trump bid ,2
megyn kelly special trump bid win ,2
megyn kelly special trump bid complete ,2
megyn kelly special trump bid complete win ,2
megyn kelly special trump bid complete waste ,2
megyn kelly special trump bid complete waste win ,2
megyn kelly special trump bid waste ,2
megyn kelly special trump bid waste win ,2
megyn kelly special trump complete ,2
megyn kelly special trump complete win ,2
megyn kelly special trump complete waste ,2
megyn kelly special trump complete waste win ,2
megyn kelly special trump waste ,2
megyn kelly special trump waste win ,2
megyn kelly special say ,2
megyn kelly special say win ,2
megyn kelly special say bid ,2
megyn kelly special say bid win ,2
megyn kelly special say bid complete ,2
megyn kelly special say bid complete win ,2
megyn kelly special say bid complete waste ,2
megyn kelly special say bid complete waste win ,2
megyn kelly special say bid waste ,2
megyn kelly special say bid waste win ,2
megyn kelly special say complete ,2
megyn kelly special say complete win ,2
megyn kelly special say complete waste ,2
megyn kelly special say complete waste win ,2
megyn kelly special say waste ,2
megyn kelly special say waste win ,2
megyn kelly special defends ,2
megyn kelly special defends say ,2
megyn kelly special defends say win ,2
megyn kelly special defends say bid ,2
megyn kelly special defends say bid win ,2
megyn kelly special defends say bid complete ,2
megyn kelly special defends say bid complete win ,2
megyn kelly special defends say bid complete waste ,2
megyn kelly special defends say bid complete waste win ,2
megyn kelly special defends say bid waste ,2
megyn kelly special defends say bid waste win ,2
megyn kelly special defends say complete ,2
megyn kelly special defends say complete win ,2
megyn kelly special defends say complete waste ,2
megyn kelly special defends say complete waste win ,2
megyn kelly special defends say waste ,2
megyn kelly special defends say waste win ,2
megyn kelly special defends win ,2
megyn kelly special defends tone ,2
megyn kelly special defends tone say ,2
megyn kelly special defends tone say win ,2
megyn kelly special defends tone say bid ,2
megyn kelly special defends tone say bid win ,2
megyn kelly special defends tone say bid complete ,2
megyn kelly special defends tone say bid complete win ,2
megyn kelly special defends tone say bid complete waste ,2
megyn kelly special defends tone say bid complete waste win ,2
megyn kelly special defends tone say bid waste ,2
megyn kelly special defends tone say bid waste win ,2
megyn kelly special defends tone say complete ,2
megyn kelly special defends tone say complete win ,2
megyn kelly special defends tone say complete waste ,2
megyn kelly special defends tone say complete waste win ,2
megyn kelly special defends tone say waste ,2
megyn kelly special defends tone say waste win ,2
megyn kelly special defends tone win ,2
megyn kelly special defends tone bid ,2
megyn kelly special defends tone bid win ,2
megyn kelly special defends tone bid complete ,2
megyn kelly special defends tone bid complete win ,2
megyn kelly special defends tone bid complete waste ,2
megyn kelly special defends tone bid complete waste win ,2
megyn kelly special defends tone bid waste ,2
megyn kelly special defends tone bid waste win ,2
megyn kelly special defends tone complete ,2
megyn kelly special defends tone complete win ,2
megyn kelly special defends tone complete waste ,2
megyn kelly special defends tone complete waste win ,2
megyn kelly special defends tone waste ,2
megyn kelly special defends tone waste win ,2
megyn kelly special defends bid ,2
megyn kelly special defends bid win ,2
megyn kelly special defends bid complete ,2
megyn kelly special defends bid complete win ,2
megyn kelly special defends bid complete waste ,2
megyn kelly special defends bid complete waste win ,2
megyn kelly special defends bid waste ,2
megyn kelly special defends bid waste win ,2
megyn kelly special defends complete ,2
megyn kelly special defends complete win ,2
megyn kelly special defends complete waste ,2
megyn kelly special defends complete waste win ,2
megyn kelly special defends waste ,2
megyn kelly special defends waste win ,2
megyn kelly special win ,2
megyn kelly special tone ,2
megyn kelly special tone say ,2
megyn kelly special tone say win ,2
megyn kelly special tone say bid ,2
megyn kelly special tone say bid win ,2
megyn kelly special tone say bid complete ,2
megyn kelly special tone say bid complete win ,2
megyn kelly special tone say bid complete waste ,2
megyn kelly special tone say bid complete waste win ,2
megyn kelly special tone say bid waste ,2
megyn kelly special tone say bid waste win ,2
megyn kelly special tone say complete ,2
megyn kelly special tone say complete win ,2
megyn kelly special tone say complete waste ,2
megyn kelly special tone say complete waste win ,2
megyn kelly special tone say waste ,2
megyn kelly special tone say waste win ,2
megyn kelly special tone win ,2
megyn kelly special tone bid ,2
megyn kelly special tone bid win ,2
megyn kelly special tone bid complete ,2
megyn kelly special tone bid complete win ,2
megyn kelly special tone bid complete waste ,2
megyn kelly special tone bid complete waste win ,2
megyn kelly special tone bid waste ,2
megyn kelly special tone bid waste win ,2
megyn kelly special tone complete ,2
megyn kelly special tone complete win ,2
megyn kelly special tone complete waste ,2
megyn kelly special tone complete waste win ,2
megyn kelly special tone waste ,2
megyn kelly special tone waste win ,2
megyn kelly special bid ,2
megyn kelly special bid win ,2
megyn kelly special bid complete ,2
megyn kelly special bid complete win ,2
megyn kelly special bid complete waste ,2
megyn kelly special bid complete waste win ,2
megyn kelly special bid waste ,2
megyn kelly special bid waste win ,2
megyn kelly special complete ,2
megyn kelly special complete win ,2
megyn kelly special complete waste ,2
megyn kelly special complete waste win ,2
megyn kelly special waste ,2
megyn kelly special waste win ,2
megyn kelly complete ,2
megyn kelly complete win ,2
megyn kelly complete waste ,2
megyn kelly complete waste win ,2
megyn kelly waste ,2
megyn kelly waste win ,2
megyn special ,2
megyn special trump ,2
megyn special trump say ,2
megyn special trump say win ,2
megyn special trump say bid ,2
megyn special trump say bid win ,2
megyn special trump say bid complete ,2
megyn special trump say bid complete win ,2
megyn special trump say bid complete waste ,2
megyn special trump say bid complete waste win ,2
megyn special trump say bid waste ,2
megyn special trump say bid waste win ,2
megyn special trump say complete ,2
megyn special trump say complete win ,2
megyn special trump say complete waste ,2
megyn special trump say complete waste win ,2
megyn special trump say waste ,2
megyn special trump say waste win ,2
megyn special trump defends ,2
megyn special trump defends say ,2
megyn special trump defends say win ,2
megyn special trump defends say bid ,2
megyn special trump defends say bid win ,2
megyn special trump defends say bid complete ,2
megyn special trump defends say bid complete win ,2
megyn special trump defends say bid complete waste ,2
megyn special trump defends say bid complete waste win ,2
megyn special trump defends say bid waste ,2
megyn special trump defends say bid waste win ,2
megyn special trump defends say complete ,2
megyn special trump defends say complete win ,2
megyn special trump defends say complete waste ,2
megyn special trump defends say complete waste win ,2
megyn special trump defends say waste ,2
megyn special trump defends say waste win ,2
megyn special trump defends win ,2
megyn special trump defends tone ,2
megyn special trump defends tone say ,2
megyn special trump defends tone say win ,2
megyn special trump defends tone say bid ,2
megyn special trump defends tone say bid win ,2
megyn special trump defends tone say bid complete ,2
megyn special trump defends tone say bid complete win ,2
megyn special trump defends tone say bid complete waste ,2
megyn special trump defends tone say bid complete waste win ,2
megyn special trump defends tone say bid waste ,2
megyn special trump defends tone say bid waste win ,2
megyn special trump defends tone say complete ,2
megyn special trump defends tone say complete win ,2
megyn special trump defends tone say complete waste ,2
megyn special trump defends tone say complete waste win ,2
megyn special trump defends tone say waste ,2
megyn special trump defends tone say waste win ,2
megyn special trump defends tone win ,2
megyn special trump defends tone bid ,2
megyn special trump defends tone bid win ,2
megyn special trump defends tone bid complete ,2
megyn special trump defends tone bid complete win ,2
megyn special trump defends tone bid complete waste ,2
megyn special trump defends tone bid complete waste win ,2
megyn special trump defends tone bid waste ,2
megyn special trump defends tone bid waste win ,2
megyn special trump defends tone complete ,2
megyn special trump defends tone complete win ,2
megyn special trump defends tone complete waste ,2
megyn special trump defends tone complete waste win ,2
megyn special trump defends tone waste ,2
megyn special trump defends tone waste win ,2
megyn special trump defends bid ,2
megyn special trump defends bid win ,2
megyn special trump defends bid complete ,2
megyn special trump defends bid complete win ,2
megyn special trump defends bid complete waste ,2
megyn special trump defends bid complete waste win ,2
megyn special trump defends bid waste ,2
megyn special trump defends bid waste win ,2
megyn special trump defends complete ,2
megyn special trump defends complete win ,2
megyn special trump defends complete waste ,2
megyn special trump defends complete waste win ,2
megyn special trump defends waste ,2
megyn special trump defends waste win ,2
megyn special trump win ,2
megyn special trump tone ,2
megyn special trump tone say ,2
megyn special trump tone say win ,2
megyn special trump tone say bid ,2
megyn special trump tone say bid win ,2
megyn special trump tone say bid complete ,2
megyn special trump tone say bid complete win ,2
megyn special trump tone say bid complete waste ,2
megyn special trump tone say bid complete waste win ,2
megyn special trump tone say bid waste ,2
megyn special trump tone say bid waste win ,2
megyn special trump tone say complete ,2
megyn special trump tone say complete win ,2
megyn special trump tone say complete waste ,2
megyn special trump tone say complete waste win ,2
megyn special trump tone say waste ,2
megyn special trump tone say waste win ,2
megyn special trump tone win ,2
megyn special trump tone bid ,2
megyn special trump tone bid win ,2
megyn special trump tone bid complete ,2
megyn special trump tone bid complete win ,2
megyn special trump tone bid complete waste ,2
megyn special trump tone bid complete waste win ,2
megyn special trump tone bid waste ,2
megyn special trump tone bid waste win ,2
megyn special trump tone complete ,2
megyn special trump tone complete win ,2
megyn special trump tone complete waste ,2
megyn special trump tone complete waste win ,2
megyn special trump tone waste ,2
megyn special trump tone waste win ,2
megyn special trump bid ,2
megyn special trump bid win ,2
megyn special trump bid complete ,2
megyn special trump bid complete win ,2
megyn special trump bid complete waste ,2
megyn special trump bid complete waste win ,2
megyn special trump bid waste ,2
megyn special trump bid waste win ,2
megyn special trump complete ,2
megyn special trump complete win ,2
megyn special trump complete waste ,2
megyn special trump complete waste win ,2
megyn special trump waste ,2
megyn special trump waste win ,2
megyn special say ,2
megyn special say win ,2
megyn special say bid ,2
megyn special say bid win ,2
megyn special say bid complete ,2
megyn special say bid complete win ,2
megyn special say bid complete waste ,2
megyn special say bid complete waste win ,2
megyn special say bid waste ,2
megyn special say bid waste win ,2
megyn special say complete ,2
megyn special say complete win ,2
megyn special say complete waste ,2
megyn special say complete waste win ,2
megyn special say waste ,2
megyn special say waste win ,2
megyn special defends ,2
megyn special defends say ,2
megyn special defends say win ,2
megyn special defends say bid ,2
megyn special defends say bid win ,2
megyn special defends say bid complete ,2
megyn special defends say bid complete win ,2
megyn special defends say bid complete waste ,2
megyn special defends say bid complete waste win ,2
megyn special defends say bid waste ,2
megyn special defends say bid waste win ,2
megyn special defends say complete ,2
megyn special defends say complete win ,2
megyn special defends say complete waste ,2
megyn special defends say complete waste win ,2
megyn special defends say waste ,2
megyn special defends say waste win ,2
megyn special defends win ,2
megyn special defends tone ,2
megyn special defends tone say ,2
megyn special defends tone say win ,2
megyn special defends tone say bid ,2
megyn special defends tone say bid win ,2
megyn special defends tone say bid complete ,2
megyn special defends tone say bid complete win ,2
megyn special defends tone say bid complete waste ,2
megyn special defends tone say bid complete waste win ,2
megyn special defends tone say bid waste ,2
megyn special defends tone say bid waste win ,2
megyn special defends tone say complete ,2
megyn special defends tone say complete win ,2
megyn special defends tone say complete waste ,2
megyn special defends tone say complete waste win ,2
megyn special defends tone say waste ,2
megyn special defends tone say waste win ,2
megyn special defends tone win ,2
megyn special defends tone bid ,2
megyn special defends tone bid win ,2
megyn special defends tone bid complete ,2
megyn special defends tone bid complete win ,2
megyn special defends tone bid complete waste ,2
megyn special defends tone bid complete waste win ,2
megyn special defends tone bid waste ,2
megyn special defends tone bid waste win ,2
megyn special defends tone complete ,2
megyn special defends tone complete win ,2
megyn special defends tone complete waste ,2
megyn special defends tone complete waste win ,2
megyn special defends tone waste ,2
megyn special defends tone waste win ,2
megyn special defends bid ,2
megyn special defends bid win ,2
megyn special defends bid complete ,2
megyn special defends bid complete win ,2
megyn special defends bid complete waste ,2
megyn special defends bid complete waste win ,2
megyn special defends bid waste ,2
megyn special defends bid waste win ,2
megyn special defends complete ,2
megyn special defends complete win ,2
megyn special defends complete waste ,2
megyn special defends complete waste win ,2
megyn special defends waste ,2
megyn special defends waste win ,2
megyn special win ,2
megyn special tone ,2
megyn special tone say ,2
megyn special tone say win ,2
megyn special tone say bid ,2
megyn special tone say bid win ,2
megyn special tone say bid complete ,2
megyn special tone say bid complete win ,2
megyn special tone say bid complete waste ,2
megyn special tone say bid complete waste win ,2
megyn special tone say bid waste ,2
megyn special tone say bid waste win ,2
megyn special tone say complete ,2
megyn special tone say complete win ,2
megyn special tone say complete waste ,2
megyn special tone say complete waste win ,2
megyn special tone say waste ,2
megyn special tone say waste win ,2
megyn special tone win ,2
megyn special tone bid ,2
megyn special tone bid win ,2
megyn special tone bid complete ,2
megyn special tone bid complete win ,2
megyn special tone bid complete waste ,2
megyn special tone bid complete waste win ,2
megyn special tone bid waste ,2
megyn special tone bid waste win ,2
megyn special tone complete ,2
megyn special tone complete win ,2
megyn special tone complete waste ,2
megyn special tone complete waste win ,2
megyn special tone waste ,2
megyn special tone waste win ,2
megyn special bid ,2
megyn special bid win ,2
megyn special bid complete ,2
megyn special bid complete win ,2
megyn special bid complete waste ,2
megyn special bid complete waste win ,2
megyn special bid waste ,2
megyn special bid waste win ,2
megyn special complete ,2
megyn special complete win ,2
megyn special complete waste ,2
megyn special complete waste win ,2
megyn special waste ,2
megyn special waste win ,2
megyn complete ,2
megyn complete win ,2
megyn complete waste ,2
megyn complete waste win ,2
megyn waste ,2
megyn waste win ,2
kelly trump say ,2
kelly trump say win ,2
kelly trump say bid ,2
kelly trump say bid win ,2
kelly trump say bid complete ,2
kelly trump say bid complete win ,2
kelly trump say bid complete waste ,2
kelly trump say bid complete waste win ,2
kelly trump say bid waste ,2
kelly trump say bid waste win ,2
kelly trump say complete ,2
kelly trump say complete win ,2
kelly trump say complete waste ,2
kelly trump say complete waste win ,2
kelly trump say waste ,2
kelly trump say waste win ,2
kelly trump defends ,2
kelly trump defends say ,2
kelly trump defends say win ,2
kelly trump defends say bid ,2
kelly trump defends say bid win ,2
kelly trump defends say bid complete ,2
kelly trump defends say bid complete win ,2
kelly trump defends say bid complete waste ,2
kelly trump defends say bid complete waste win ,2
kelly trump defends say bid waste ,2
kelly trump defends say bid waste win ,2
kelly trump defends say complete ,2
kelly trump defends say complete win ,2
kelly trump defends say complete waste ,2
kelly trump defends say complete waste win ,2
kelly trump defends say waste ,2
kelly trump defends say waste win ,2
kelly trump defends win ,2
kelly trump defends tone ,2
kelly trump defends tone say ,2
kelly trump defends tone say win ,2
kelly trump defends tone say bid ,2
kelly trump defends tone say bid win ,2
kelly trump defends tone say bid complete ,2
kelly trump defends tone say bid complete win ,2
kelly trump defends tone say bid complete waste ,2
kelly trump defends tone say bid complete waste win ,2
kelly trump defends tone say bid waste ,2
kelly trump defends tone say bid waste win ,2
kelly trump defends tone say complete ,2
kelly trump defends tone say complete win ,2
kelly trump defends tone say complete waste ,2
kelly trump defends tone say complete waste win ,2
kelly trump defends tone say waste ,2
kelly trump defends tone say waste win ,2
kelly trump defends tone win ,2
kelly trump defends tone bid ,2
kelly trump defends tone bid win ,2
kelly trump defends tone bid complete ,2
kelly trump defends tone bid complete win ,2
kelly trump defends tone bid complete waste ,2
kelly trump defends tone bid complete waste win ,2
kelly trump defends tone bid waste ,2
kelly trump defends tone bid waste win ,2
kelly trump defends tone complete ,2
kelly trump defends tone complete win ,2
kelly trump defends tone complete waste ,2
kelly trump defends tone complete waste win ,2
kelly trump defends tone waste ,2
kelly trump defends tone waste win ,2
kelly trump defends bid ,2
kelly trump defends bid win ,2
kelly trump defends bid complete ,2
kelly trump defends bid complete win ,2
kelly trump defends bid complete waste ,2
kelly trump defends bid complete waste win ,2
kelly trump defends bid waste ,2
kelly trump defends bid waste win ,2
kelly trump defends complete ,2
kelly trump defends complete win ,2
kelly trump defends complete waste ,2
kelly trump defends complete waste win ,2
kelly trump defends waste ,2
kelly trump defends waste win ,2
kelly trump win ,2
kelly trump tone ,2
kelly trump tone say ,2
kelly trump tone say win ,2
kelly trump tone say bid ,2
kelly trump tone say bid win ,2
kelly trump tone say bid complete ,2
kelly trump tone say bid complete win ,2
kelly trump tone say bid complete waste ,2
kelly trump tone say bid complete waste win ,2
kelly trump tone say bid waste ,2
kelly trump tone say bid waste win ,2
kelly trump tone say complete ,2
kelly trump tone say complete win ,2
kelly trump tone say complete waste ,2
kelly trump tone say complete waste win ,2
kelly trump tone say waste ,2
kelly trump tone say waste win ,2
kelly trump tone win ,2
kelly trump tone bid ,2
kelly trump tone bid win ,2
kelly trump tone bid complete ,2
kelly trump tone bid complete win ,2
kelly trump tone bid complete waste ,2
kelly trump tone bid complete waste win ,2
kelly trump tone bid waste ,2
kelly trump tone bid waste win ,2
kelly trump tone complete ,2
kelly trump tone complete win ,2
kelly trump tone complete waste ,2
kelly trump tone complete waste win ,2
kelly trump tone waste ,2
kelly trump tone waste win ,2
kelly trump bid ,2
kelly trump bid win ,2
kelly trump bid complete ,2
kelly trump bid complete win ,2
kelly trump bid complete waste ,2
kelly trump bid complete waste win ,2
kelly trump bid waste ,2
kelly trump bid waste win ,2
kelly trump complete ,2
kelly trump complete win ,2
kelly trump complete waste ,2
kelly trump complete waste win ,2
kelly trump waste ,2
kelly trump waste win ,2
kelly say ,2
kelly say win ,2
kelly say bid ,2
kelly say bid win ,2
kelly say bid complete ,2
kelly say bid complete win ,2
kelly say bid complete waste ,2
kelly say bid complete waste win ,2
kelly say bid waste ,2
kelly say bid waste win ,2
kelly say complete ,2
kelly say complete win ,2
kelly say complete waste ,2
kelly say complete waste win ,2
kelly say waste ,2
kelly say waste win ,2
kelly defends ,2
kelly defends say ,2
kelly defends say win ,2
kelly defends say bid ,2
kelly defends say bid win ,2
kelly defends say bid complete ,2
kelly defends say bid complete win ,2
kelly defends say bid complete waste ,2
kelly defends say bid complete waste win ,2
kelly defends say bid waste ,2
kelly defends say bid waste win ,2
kelly defends say complete ,2
kelly defends say complete win ,2
kelly defends say complete waste ,2
kelly defends say complete waste win ,2
kelly defends say waste ,2
kelly defends say waste win ,2
kelly defends win ,2
kelly defends tone ,2
kelly defends tone say ,2
kelly defends tone say win ,2
kelly defends tone say bid ,2
kelly defends tone say bid win ,2
kelly defends tone say bid complete ,2
kelly defends tone say bid complete win ,2
kelly defends tone say bid complete waste ,2
kelly defends tone say bid complete waste win ,2
kelly defends tone say bid waste ,2
kelly defends tone say bid waste win ,2
kelly defends tone say complete ,2
kelly defends tone say complete win ,2
kelly defends tone say complete waste ,2
kelly defends tone say complete waste win ,2
kelly defends tone say waste ,2
kelly defends tone say waste win ,2
kelly defends tone win ,2
kelly defends tone bid ,2
kelly defends tone bid win ,2
kelly defends tone bid complete ,2
kelly defends tone bid complete win ,2
kelly defends tone bid complete waste ,2
kelly defends tone bid complete waste win ,2
kelly defends tone bid waste ,2
kelly defends tone bid waste win ,2
kelly defends tone complete ,2
kelly defends tone complete win ,2
kelly defends tone complete waste ,2
kelly defends tone complete waste win ,2
kelly defends tone waste ,2
kelly defends tone waste win ,2
kelly defends bid ,2
kelly defends bid win ,2
kelly defends bid complete ,2
kelly defends bid complete win ,2
kelly defends bid complete waste ,2
kelly defends bid complete waste win ,2
kelly defends bid waste ,2
kelly defends bid waste win ,2
kelly defends complete ,2
kelly defends complete win ,2
kelly defends complete waste ,2
kelly defends complete waste win ,2
kelly defends waste ,2
kelly defends waste win ,2
kelly win ,2
kelly tone ,2
kelly tone say ,2
kelly tone say win ,2
kelly tone say bid ,2
kelly tone say bid win ,2
kelly tone say bid complete ,2
kelly tone say bid complete win ,2
kelly tone say bid complete waste ,2
kelly tone say bid complete waste win ,2
kelly tone say bid waste ,2
kelly tone say bid waste win ,2
kelly tone say complete ,2
kelly tone say complete win ,2
kelly tone say complete waste ,2
kelly tone say complete waste win ,2
kelly tone say waste ,2
kelly tone say waste win ,2
kelly tone win ,2
kelly tone bid ,2
kelly tone bid win ,2
kelly tone bid complete ,2
kelly tone bid complete win ,2
kelly tone bid complete waste ,2
kelly tone bid complete waste win ,2
kelly tone bid waste ,2
kelly tone bid waste win ,2
kelly tone complete ,2
kelly tone complete win ,2
kelly tone complete waste ,2
kelly tone complete waste win ,2
kelly tone waste ,2
kelly tone waste win ,2
kelly bid ,2
kelly bid win ,2
kelly bid complete ,2
kelly bid complete win ,2
kelly bid complete waste ,2
kelly bid complete waste win ,2
kelly bid waste ,2
kelly bid waste win ,2
kelly special ,2
kelly special trump ,2
kelly special trump say ,2
kelly special trump say win ,2
kelly special trump say bid ,2
kelly special trump say bid win ,2
kelly special trump say bid complete ,2
kelly special trump say bid complete win ,2
kelly special trump say bid complete waste ,2
kelly special trump say bid complete waste win ,2
kelly special trump say bid waste ,2
kelly special trump say bid waste win ,2
kelly special trump say complete ,2
kelly special trump say complete win ,2
kelly special trump say complete waste ,2
kelly special trump say complete waste win ,2
kelly special trump say waste ,2
kelly special trump say waste win ,2
kelly special trump defends ,2
kelly special trump defends say ,2
kelly special trump defends say win ,2
kelly special trump defends say bid ,2
kelly special trump defends say bid win ,2
kelly special trump defends say bid complete ,2
kelly special trump defends say bid complete win ,2
kelly special trump defends say bid complete waste ,2
kelly special trump defends say bid complete waste win ,2
kelly special trump defends say bid waste ,2
kelly special trump defends say bid waste win ,2
kelly special trump defends say complete ,2
kelly special trump defends say complete win ,2
kelly special trump defends say complete waste ,2
kelly special trump defends say complete waste win ,2
kelly special trump defends say waste ,2
kelly special trump defends say waste win ,2
kelly special trump defends win ,2
kelly special trump defends tone ,2
kelly special trump defends tone say ,2
kelly special trump defends tone say win ,2
kelly special trump defends tone say bid ,2
kelly special trump defends tone say bid win ,2
kelly special trump defends tone say bid complete ,2
kelly special trump defends tone say bid complete win ,2
kelly special trump defends tone say bid complete waste ,2
kelly special trump defends tone say bid complete waste win ,2
kelly special trump defends tone say bid waste ,2
kelly special trump defends tone say bid waste win ,2
kelly special trump defends tone say complete ,2
kelly special trump defends tone say complete win ,2
kelly special trump defends tone say complete waste ,2
kelly special trump defends tone say complete waste win ,2
kelly special trump defends tone say waste ,2
kelly special trump defends tone say waste win ,2
kelly special trump defends tone win ,2
kelly special trump defends tone bid ,2
kelly special trump defends tone bid win ,2
kelly special trump defends tone bid complete ,2
kelly special trump defends tone bid complete win ,2
kelly special trump defends tone bid complete waste ,2
kelly special trump defends tone bid complete waste win ,2
kelly special trump defends tone bid waste ,2
kelly special trump defends tone bid waste win ,2
kelly special trump defends tone complete ,2
kelly special trump defends tone complete win ,2
kelly special trump defends tone complete waste ,2
kelly special trump defends tone complete waste win ,2
kelly special trump defends tone waste ,2
kelly special trump defends tone waste win ,2
kelly special trump defends bid ,2
kelly special trump defends bid win ,2
kelly special trump defends bid complete ,2
kelly special trump defends bid complete win ,2
kelly special trump defends bid complete waste ,2
kelly special trump defends bid complete waste win ,2
kelly special trump defends bid waste ,2
kelly special trump defends bid waste win ,2
kelly special trump defends complete ,2
kelly special trump defends complete win ,2
kelly special trump defends complete waste ,2
kelly special trump defends complete waste win ,2
kelly special trump defends waste ,2
kelly special trump defends waste win ,2
kelly special trump win ,2
kelly special trump tone ,2
kelly special trump tone say ,2
kelly special trump tone say win ,2
kelly special trump tone say bid ,2
kelly special trump tone say bid win ,2
kelly special trump tone say bid complete ,2
kelly special trump tone say bid complete win ,2
kelly special trump tone say bid complete waste ,2
kelly special trump tone say bid complete waste win ,2
kelly special trump tone say bid waste ,2
kelly special trump tone say bid waste win ,2
kelly special trump tone say complete ,2
kelly special trump tone say complete win ,2
kelly special trump tone say complete waste ,2
kelly special trump tone say complete waste win ,2
kelly special trump tone say waste ,2
kelly special trump tone say waste win ,2
kelly special trump tone win ,2
kelly special trump tone bid ,2
kelly special trump tone bid win ,2
kelly special trump tone bid complete ,2
kelly special trump tone bid complete win ,2
kelly special trump tone bid complete waste ,2
kelly special trump tone bid complete waste win ,2
kelly special trump tone bid waste ,2
kelly special trump tone bid waste win ,2
kelly special trump tone complete ,2
kelly special trump tone complete win ,2
kelly special trump tone complete waste ,2
kelly special trump tone complete waste win ,2
kelly special trump tone waste ,2
kelly special trump tone waste win ,2
kelly special trump bid ,2
kelly special trump bid win ,2
kelly special trump bid complete ,2
kelly special trump bid complete win ,2
kelly special trump bid complete waste ,2
kelly special trump bid complete waste win ,2
kelly special trump bid waste ,2
kelly special trump bid waste win ,2
kelly special trump complete ,2
kelly special trump complete win ,2
kelly special trump complete waste ,2
kelly special trump complete waste win ,2
kelly special trump waste ,2
kelly special trump waste win ,2
kelly special say ,2
kelly special say win ,2
kelly special say bid ,2
kelly special say bid win ,2
kelly special say bid complete ,2
kelly special say bid complete win ,2
kelly special say bid complete waste ,2
kelly special say bid complete waste win ,2
kelly special say bid waste ,2
kelly special say bid waste win ,2
kelly special say complete ,2
kelly special say complete win ,2
kelly special say complete waste ,2
kelly special say complete waste win ,2
kelly special say waste ,2
kelly special say waste win ,2
kelly special defends ,2
kelly special defends say ,2
kelly special defends say win ,2
kelly special defends say bid ,2
kelly special defends say bid win ,2
kelly special defends say bid complete ,2
kelly special defends say bid complete win ,2
kelly special defends say bid complete waste ,2
kelly special defends say bid complete waste win ,2
kelly special defends say bid waste ,2
kelly special defends say bid waste win ,2
kelly special defends say complete ,2
kelly special defends say complete win ,2
kelly special defends say complete waste ,2
kelly special defends say complete waste win ,2
kelly special defends say waste ,2
kelly special defends say waste win ,2
kelly special defends win ,2
kelly special defends tone ,2
kelly special defends tone say ,2
kelly special defends tone say win ,2
kelly special defends tone say bid ,2
kelly special defends tone say bid win ,2
kelly special defends tone say bid complete ,2
kelly special defends tone say bid complete win ,2
kelly special defends tone say bid complete waste ,2
kelly special defends tone say bid complete waste win ,2
kelly special defends tone say bid waste ,2
kelly special defends tone say bid waste win ,2
kelly special defends tone say complete ,2
kelly special defends tone say complete win ,2
kelly special defends tone say complete waste ,2
kelly special defends tone say complete waste win ,2
kelly special defends tone say waste ,2
kelly special defends tone say waste win ,2
kelly special defends tone win ,2
kelly special defends tone bid ,2
kelly special defends tone bid win ,2
kelly special defends tone bid complete ,2
kelly special defends tone bid complete win ,2
kelly special defends tone bid complete waste ,2
kelly special defends tone bid complete waste win ,2
kelly special defends tone bid waste ,2
kelly special defends tone bid waste win ,2
kelly special defends tone complete ,2
kelly special defends tone complete win ,2
kelly special defends tone complete waste ,2
kelly special defends tone complete waste win ,2
kelly special defends tone waste ,2
kelly special defends tone waste win ,2
kelly special defends bid ,2
kelly special defends bid win ,2
kelly special defends bid complete ,2
kelly special defends bid complete win ,2
kelly special defends bid complete waste ,2
kelly special defends bid complete waste win ,2
kelly special defends bid waste ,2
kelly special defends bid waste win ,2
kelly special defends complete ,2
kelly special defends complete win ,2
kelly special defends complete waste ,2
kelly special defends complete waste win ,2
kelly special defends waste ,2
kelly special defends waste win ,2
kelly special win ,2
kelly special tone ,2
kelly special tone say ,2
kelly special tone say win ,2
kelly special tone say bid ,2
kelly special tone say bid win ,2
kelly special tone say bid complete ,2
kelly special tone say bid complete win ,2
kelly special tone say bid complete waste ,2
kelly special tone say bid complete waste win ,2
kelly special tone say bid waste ,2
kelly special tone say bid waste win ,2
kelly special tone say complete ,2
kelly special tone say complete win ,2
kelly special tone say complete waste ,2
kelly special tone say complete waste win ,2
kelly special tone say waste ,2
kelly special tone say waste win ,2
kelly special tone win ,2
kelly special tone bid ,2
kelly special tone bid win ,2
kelly special tone bid complete ,2
kelly special tone bid complete win ,2
kelly special tone bid complete waste ,2
kelly special tone bid complete waste win ,2
kelly special tone bid waste ,2
kelly special tone bid waste win ,2
kelly special tone complete ,2
kelly special tone complete win ,2
kelly special tone complete waste ,2
kelly special tone complete waste win ,2
kelly special tone waste ,2
kelly special tone waste win ,2
kelly special bid ,2
kelly special bid win ,2
kelly special bid complete ,2
kelly special bid complete win ,2
kelly special bid complete waste ,2
kelly special bid complete waste win ,2
kelly special bid waste ,2
kelly special bid waste win ,2
kelly special complete ,2
kelly special complete win ,2
kelly special complete waste ,2
kelly special complete waste win ,2
kelly special waste ,2
kelly special waste win ,2
kelly complete ,2
kelly complete win ,2
kelly complete waste ,2
kelly complete waste win ,2
kelly waste ,2
kelly waste win ,2
federal judge ,2
superdelegates clinton ,2
protester trump ,2
protester trump rally ,2
protester take ,2
protester take street ,2
protester street ,2
protester rally ,2
outside rally ,2
third party candidate ,2
third party run ,2
third candidate ,2
third run ,2
fall delegate ,2
fall short ,2
tough trump ,2
libertarian nominee ,2
pro trump ,2
match trump ,2
world leader ,2
protest trump ,2
protest trump rally ,2
protest rally ,2
special trump ,2
special trump say ,2
special trump say win ,2
special trump say bid ,2
special trump say bid win ,2
special trump say bid complete ,2
special trump say bid complete win ,2
special trump say bid complete waste ,2
special trump say bid complete waste win ,2
special trump say bid waste ,2
special trump say bid waste win ,2
special trump say complete ,2
special trump say complete win ,2
special trump say complete waste ,2
special trump say complete waste win ,2
special trump say waste ,2
special trump say waste win ,2
special trump defends ,2
special trump defends say ,2
special trump defends say win ,2
special trump defends say bid ,2
special trump defends say bid win ,2
special trump defends say bid complete ,2
special trump defends say bid complete win ,2
special trump defends say bid complete waste ,2
special trump defends say bid complete waste win ,2
special trump defends say bid waste ,2
special trump defends say bid waste win ,2
special trump defends say complete ,2
special trump defends say complete win ,2
special trump defends say complete waste ,2
special trump defends say complete waste win ,2
special trump defends say waste ,2
special trump defends say waste win ,2
special trump defends win ,2
special trump defends tone ,2
special trump defends tone say ,2
special trump defends tone say win ,2
special trump defends tone say bid ,2
special trump defends tone say bid win ,2
special trump defends tone say bid complete ,2
special trump defends tone say bid complete win ,2
special trump defends tone say bid complete waste ,2
special trump defends tone say bid complete waste win ,2
special trump defends tone say bid waste ,2
special trump defends tone say bid waste win ,2
special trump defends tone say complete ,2
special trump defends tone say complete win ,2
special trump defends tone say complete waste ,2
special trump defends tone say complete waste win ,2
special trump defends tone say waste ,2
special trump defends tone say waste win ,2
special trump defends tone win ,2
special trump defends tone bid ,2
special trump defends tone bid win ,2
special trump defends tone bid complete ,2
special trump defends tone bid complete win ,2
special trump defends tone bid complete waste ,2
special trump defends tone bid complete waste win ,2
special trump defends tone bid waste ,2
special trump defends tone bid waste win ,2
special trump defends tone complete ,2
special trump defends tone complete win ,2
special trump defends tone complete waste ,2
special trump defends tone complete waste win ,2
special trump defends tone waste ,2
special trump defends tone waste win ,2
special trump defends bid ,2
special trump defends bid win ,2
special trump defends bid complete ,2
special trump defends bid complete win ,2
special trump defends bid complete waste ,2
special trump defends bid complete waste win ,2
special trump defends bid waste ,2
special trump defends bid waste win ,2
special trump defends complete ,2
special trump defends complete win ,2
special trump defends complete waste ,2
special trump defends complete waste win ,2
special trump defends waste ,2
special trump defends waste win ,2
special trump win ,2
special trump tone ,2
special trump tone say ,2
special trump tone say win ,2
special trump tone say bid ,2
special trump tone say bid win ,2
special trump tone say bid complete ,2
special trump tone say bid complete win ,2
special trump tone say bid complete waste ,2
special trump tone say bid complete waste win ,2
special trump tone say bid waste ,2
special trump tone say bid waste win ,2
special trump tone say complete ,2
special trump tone say complete win ,2
special trump tone say complete waste ,2
special trump tone say complete waste win ,2
special trump tone say waste ,2
special trump tone say waste win ,2
special trump tone win ,2
special trump tone bid ,2
special trump tone bid win ,2
special trump tone bid complete ,2
special trump tone bid complete win ,2
special trump tone bid complete waste ,2
special trump tone bid complete waste win ,2
special trump tone bid waste ,2
special trump tone bid waste win ,2
special trump tone complete ,2
special trump tone complete win ,2
special trump tone complete waste ,2
special trump tone complete waste win ,2
special trump tone waste ,2
special trump tone waste win ,2
special trump bid ,2
special trump bid win ,2
special trump bid complete ,2
special trump bid complete win ,2
special trump bid complete waste ,2
special trump bid complete waste win ,2
special trump bid waste ,2
special trump bid waste win ,2
special trump complete ,2
special trump complete win ,2
special trump complete waste ,2
special trump complete waste win ,2
special trump waste ,2
special trump waste win ,2
special say ,2
special say win ,2
special say bid ,2
special say bid win ,2
special say bid complete ,2
special say bid complete win ,2
special say bid complete waste ,2
special say bid complete waste win ,2
special say bid waste ,2
special say bid waste win ,2
special say complete ,2
special say complete win ,2
special say complete waste ,2
special say complete waste win ,2
special say waste ,2
special say waste win ,2
special defends ,2
special defends say ,2
special defends say win ,2
special defends say bid ,2
special defends say bid win ,2
special defends say bid complete ,2
special defends say bid complete win ,2
special defends say bid complete waste ,2
special defends say bid complete waste win ,2
special defends say bid waste ,2
special defends say bid waste win ,2
special defends say complete ,2
special defends say complete win ,2
special defends say complete waste ,2
special defends say complete waste win ,2
special defends say waste ,2
special defends say waste win ,2
special defends win ,2
special defends tone ,2
special defends tone say ,2
special defends tone say win ,2
special defends tone say bid ,2
special defends tone say bid win ,2
special defends tone say bid complete ,2
special defends tone say bid complete win ,2
special defends tone say bid complete waste ,2
special defends tone say bid complete waste win ,2
special defends tone say bid waste ,2
special defends tone say bid waste win ,2
special defends tone say complete ,2
special defends tone say complete win ,2
special defends tone say complete waste ,2
special defends tone say complete waste win ,2
special defends tone say waste ,2
special defends tone say waste win ,2
special defends tone win ,2
special defends tone bid ,2
special defends tone bid win ,2
special defends tone bid complete ,2
special defends tone bid complete win ,2
special defends tone bid complete waste ,2
special defends tone bid complete waste win ,2
special defends tone bid waste ,2
special defends tone bid waste win ,2
special defends tone complete ,2
special defends tone complete win ,2
special defends tone complete waste ,2
special defends tone complete waste win ,2
special defends tone waste ,2
special defends tone waste win ,2
special defends bid ,2
special defends bid win ,2
special defends bid complete ,2
special defends bid complete win ,2
special defends bid complete waste ,2
special defends bid complete waste win ,2
special defends bid waste ,2
special defends bid waste win ,2
special defends complete ,2
special defends complete win ,2
special defends complete waste ,2
special defends complete waste win ,2
special defends waste ,2
special defends waste win ,2
special win ,2
special tone ,2
special tone say ,2
special tone say win ,2
special tone say bid ,2
special tone say bid win ,2
special tone say bid complete ,2
special tone say bid complete win ,2
special tone say bid complete waste ,2
special tone say bid complete waste win ,2
special tone say bid waste ,2
special tone say bid waste win ,2
special tone say complete ,2
special tone say complete win ,2
special tone say complete waste ,2
special tone say complete waste win ,2
special tone say waste ,2
special tone say waste win ,2
special tone win ,2
special tone bid ,2
special tone bid win ,2
special tone bid complete ,2
special tone bid complete win ,2
special tone bid complete waste ,2
special tone bid complete waste win ,2
special tone bid waste ,2
special tone bid waste win ,2
special tone complete ,2
special tone complete win ,2
special tone complete waste ,2
special tone complete waste win ,2
special tone waste ,2
special tone waste win ,2
special bid ,2
special bid win ,2
special bid complete ,2
special bid complete win ,2
special bid complete waste ,2
special bid complete waste win ,2
special bid waste ,2
special bid waste win ,2
special complete ,2
special complete win ,2
special complete waste ,2
special complete waste win ,2
special waste ,2
special waste win ,2
complete win ,2
complete waste ,2
complete waste win ,2
waste win ,2
chairman party ,2
chairman party run ,2
chairman run ,2
chairman third ,2
chairman third party ,2
chairman third party run ,2
chairman third run ,2
chairman suicide ,2
team trump ,2
york trump clinton ,2
york trump look ,2
york trump home ,2
york clinton look ,2
york clinton home ,2
york race ,2
york state ,2
york primary race ,2
york look ,2
york home ,2
present moral ,2
present moral dilemma ,2
present dilemma ,2
moral dilemma ,2
kasich video ,2
kasich campaign ,2
kasich support ,2
kasich party ,2
kasich bow ,2
kasich team ,2
kasich team trump ,2
kasich strategy ,2
kasich strategy trump ,2
kasich announce ,2
kasich announce trump ,2
kasich alliance trump ,2
kasich alliance video ,2
west trump ,2
west primary ,2
west primary trump ,2
west virginia trump ,2
west virginia primary ,2
west virginia primary trump ,2
virginia trump ,2
virginia primary ,2
virginia primary trump ,2
mitt romney ,2
watch primary ,2
hate le ,2
foreign policy ,2
announce trump ,2
alliance trump ,2
alliance video ,2
