brad angelina jolie,13
brad pitt angelina,13
brad pitt angelina jolie,13
brad pitt jolie,13
pitt angelina jolie,13
angelina jolie divorce,10
blake shelton gwen,10
blake shelton gwen stefani,10
blake shelton stefani,10
blake gwen stefani,10
shelton gwen stefani,10
angelina jolie brad,9
angelina jolie brad pitt,9
angelina jolie pitt,9
angelina brad pitt,9
jolie brad pitt,9
brad pitt divorce,8
kim kanye west,8
kim kardashian west,8
selena gomez justin,7
aniston justin theroux,7
kim kardashian kanye,7
kim kardashian kanye west,7
kardashian kanye west,7
jennifer justin theroux,6
jennifer aniston justin,6
jennifer aniston justin theroux,6
jennifer aniston theroux,6
brad angelina jolie divorce,6
brad angelina divorce,6
brad jolie divorce,6
brad pitt jennifer,6
brad pitt angelina jolie divorce,6
brad pitt angelina divorce,6
brad pitt jolie divorce,6
pitt angelina jolie divorce,6
pitt angelina divorce,6
pitt jolie divorce,6
ben jennifer garner,6
ben affleck jennifer,6
ben affleck jennifer garner,6
ben affleck garner,6
affleck jennifer garner,6
prince harry meghan,6
miley cyrus liam,5
miley cyrus liam hemsworth,5
miley cyrus hemsworth,5
miley liam hemsworth,5
cyrus liam hemsworth,5
harry meghan markle,5
jenner travis scott,5
selena gomez justin bieber,5
selena gomez bieber,5
selena justin bieber,5
gomez justin bieber,5
justin bieber selena,5
brad jennifer aniston,5
brad pitt jennifer aniston,5
brad pitt aniston,5
pitt jennifer aniston,5
gwen blake shelton,5
gwen stefani blake,5
gwen stefani blake shelton,5
gwen stefani shelton,5
stefani blake shelton,5
prince harry meghan markle,5
prince harry markle,5
prince meghan markle,5
markle prince harry,5
justin selena gomez,4
justin bieber selena gomez,4
justin bieber gomez,4
bieber selena gomez,4
jennifer lopez alex,4
jennifer lopez alex rodriguez,4
jennifer lopez rodriguez,4
jennifer garner divorce,4
jennifer alex rodriguez,4
aniston brad pitt,4
brad pitt love,4
brad pitt neri,4
brad pitt neri oxman,4
brad pitt oxman,4
brad pitt custody,4
brad neri oxman,4
pitt neri oxman,4
ben jennifer garner divorce,4
ben jennifer divorce,4
ben affleck jennifer garner divorce,4
ben affleck jennifer divorce,4
ben affleck garner divorce,4
ben affleck divorce,4
ben garner divorce,4
affleck jennifer garner divorce,4
affleck jennifer divorce,4
affleck garner divorce,4
beyonce jay z,4
lopez alex rodriguez,4
prince harry royal,4
kylie jenner travis,4
kylie jenner travis scott,4
kylie jenner scott,4
kylie travis scott,4
meghan prince harry,4
meghan markle harry,4
meghan markle prince,4
meghan markle prince harry,4
meghan markle wedding,4
meghan markle royal,4
travis scott kylie,4
scott disick sofia,4
scott disick sofia richie,4
scott disick richie,4
scott sofia richie,4
disick sofia richie,4
rihanna chris brown,4
jay z twin,4
miley cyrus liam hemsworth married,3
miley cyrus liam married,3
miley cyrus hemsworth married,3
miley cyrus get,3
miley cyrus married,3
miley liam hemsworth married,3
miley liam married,3
miley hemsworth married,3
cyrus liam hemsworth married,3
cyrus liam married,3
cyrus hemsworth married,3
liam hemsworth married,3
harry meghan wedding,3
harry meghan royal,3
biggest celebrity feud,3
tom cruise dating,3
jennifer aniston brad,3
jennifer aniston brad pitt,3
jennifer aniston pitt,3
jennifer brad pitt,3
angelina jolie say,3
angelina jolie custody,3
brad pitt despite,3
brad pitt news,3
brad pitt professor,3
brad pitt professor neri,3
brad pitt professor neri oxman,3
brad pitt professor oxman,3
brad pitt kid,3
brad pitt child,3
brad pitt six,3
brad professor neri,3
brad professor neri oxman,3
brad professor oxman,3
pitt professor neri,3
pitt professor neri oxman,3
pitt professor oxman,3
kanye west kim,3
kanye west kim kardashian,3
kanye west kardashian,3
kanye kim kardashian,3
west kim kardashian,3
blake shelton exclusive,3
prince harry meghan wedding,3
prince harry wedding,3
prince meghan wedding,3
kim kardashian new,3
kelly ripa live,3
professor neri oxman,3
jamie foxx katie,3
jamie foxx katie holmes,3
jamie foxx holmes,3
jamie katie holmes,3
foxx katie holmes,3
khloe kardashian pregnancy,3
ellen degeneres portia,3
ellen degeneres portia de,3
ellen degeneres portia de rossi,3
ellen degeneres portia rossi,3
ellen degeneres de,3
ellen degeneres de rossi,3
ellen degeneres rossi,3
ellen portia de,3
ellen portia de rossi,3
ellen portia rossi,3
ellen de rossi,3
degeneres portia de,3
degeneres portia de rossi,3
degeneres portia rossi,3
degeneres de rossi,3
portia de rossi,3
miley cyrus liam hemsworth get,2
miley cyrus liam hemsworth get married,2
miley cyrus liam get,2
miley cyrus liam get married,2
miley cyrus hemsworth get,2
miley cyrus hemsworth get married,2
miley cyrus get married,2
miley cyrus truth,2
miley liam hemsworth get,2
miley liam hemsworth get married,2
miley liam get,2
miley liam get married,2
miley hemsworth get,2
miley hemsworth get married,2
miley get married,2
cyrus liam hemsworth get,2
cyrus liam hemsworth get married,2
cyrus liam get,2
cyrus liam get married,2
cyrus hemsworth get,2
cyrus hemsworth get married,2
cyrus get married,2
liam hemsworth get,2
liam hemsworth get married,2
liam get married,2
hemsworth get married,2
get brad pitt,2
get custody battle,2
jackson talking exclusive,2
celebrity donald trump,2
harry meghan markle wedding,2
harry meghan royal wedding,2
harry markle wedding,2
harry royal wedding,2
harry royal family,2
full list oscar,2
full list oscar nomination,2
full list oscar nomination variety,2
full list oscar variety,2
full list nomination,2
full list nomination variety,2
full list variety,2
full oscar nomination,2
full oscar nomination variety,2
full oscar variety,2
full nomination variety,2
list oscar nomination,2
list oscar nomination variety,2
list oscar variety,2
list nomination variety,2
oscar nomination variety,2
caitlyn jenner reassignment,2
caitlyn jenner reassignment surgery,2
caitlyn jenner surgery,2
caitlyn jenner father,2
caitlyn reassignment surgery,2
jenner claim travis,2
jenner claim travis scott,2
jenner claim scott,2
jenner reassignment surgery,2
jenner travis kylie,2
jenner travis scott kylie,2
jenner scott kylie,2
jenner kourtney kardashian,2
jenner keeping kardashians,2
taylor swift album,2
love angelina jolie,2
despite news story,2
despite fake news,2
despite fake news story,2
despite fake story,2
claim travis scott,2
selena gomez news,2
selena gomez justin theroux,2
selena gomez theroux,2
selena gomez friend,2
selena gomez friend another,2
selena gomez friend another drug,2
selena gomez friend another drug relapse,2
selena gomez friend another relapse,2
selena gomez friend fear,2
selena gomez friend fear another,2
selena gomez friend fear another drug,2
selena gomez friend fear another drug relapse,2
selena gomez friend fear another relapse,2
selena gomez friend fear drug,2
selena gomez friend fear drug relapse,2
selena gomez friend fear relapse,2
selena gomez friend drug,2
selena gomez friend drug relapse,2
selena gomez friend relapse,2
selena gomez year,2
selena gomez together,2
selena gomez another,2
selena gomez another drug,2
selena gomez another drug relapse,2
selena gomez another relapse,2
selena gomez rehab,2
selena gomez rehab friend,2
selena gomez rehab friend another,2
selena gomez rehab friend another drug,2
selena gomez rehab friend another drug relapse,2
selena gomez rehab friend another relapse,2
selena gomez rehab friend fear,2
selena gomez rehab friend fear another,2
selena gomez rehab friend fear another drug,2
selena gomez rehab friend fear another drug relapse,2
selena gomez rehab friend fear another relapse,2
selena gomez rehab friend fear drug,2
selena gomez rehab friend fear drug relapse,2
selena gomez rehab friend fear relapse,2
selena gomez rehab friend drug,2
selena gomez rehab friend drug relapse,2
selena gomez rehab friend relapse,2
selena gomez rehab another,2
selena gomez rehab another drug,2
selena gomez rehab another drug relapse,2
selena gomez rehab another relapse,2
selena gomez rehab fear,2
selena gomez rehab fear another,2
selena gomez rehab fear another drug,2
selena gomez rehab fear another drug relapse,2
selena gomez rehab fear another relapse,2
selena gomez rehab fear drug,2
selena gomez rehab fear drug relapse,2
selena gomez rehab fear relapse,2
selena gomez rehab drug,2
selena gomez rehab drug relapse,2
selena gomez rehab relapse,2
selena gomez fear,2
selena gomez fear another,2
selena gomez fear another drug,2
selena gomez fear another drug relapse,2
selena gomez fear another relapse,2
selena gomez fear drug,2
selena gomez fear drug relapse,2
selena gomez fear relapse,2
selena gomez go,2
selena gomez go friend,2
selena gomez go friend another,2
selena gomez go friend another drug,2
selena gomez go friend another drug relapse,2
selena gomez go friend another relapse,2
selena gomez go friend fear,2
selena gomez go friend fear another,2
selena gomez go friend fear another drug,2
selena gomez go friend fear another drug relapse,2
selena gomez go friend fear another relapse,2
selena gomez go friend fear drug,2
selena gomez go friend fear drug relapse,2
selena gomez go friend fear relapse,2
selena gomez go friend drug,2
selena gomez go friend drug relapse,2
selena gomez go friend relapse,2
selena gomez go another,2
selena gomez go another drug,2
selena gomez go another drug relapse,2
selena gomez go another relapse,2
selena gomez go rehab,2
selena gomez go rehab friend,2
selena gomez go rehab friend another,2
selena gomez go rehab friend another drug,2
selena gomez go rehab friend another drug relapse,2
selena gomez go rehab friend another relapse,2
selena gomez go rehab friend fear,2
selena gomez go rehab friend fear another,2
selena gomez go rehab friend fear another drug,2
selena gomez go rehab friend fear another drug relapse,2
selena gomez go rehab friend fear another relapse,2
selena gomez go rehab friend fear drug,2
selena gomez go rehab friend fear drug relapse,2
selena gomez go rehab friend fear relapse,2
selena gomez go rehab friend drug,2
selena gomez go rehab friend drug relapse,2
selena gomez go rehab friend relapse,2
selena gomez go rehab another,2
selena gomez go rehab another drug,2
selena gomez go rehab another drug relapse,2
selena gomez go rehab another relapse,2
selena gomez go rehab fear,2
selena gomez go rehab fear another,2
selena gomez go rehab fear another drug,2
selena gomez go rehab fear another drug relapse,2
selena gomez go rehab fear another relapse,2
selena gomez go rehab fear drug,2
selena gomez go rehab fear drug relapse,2
selena gomez go rehab fear relapse,2
selena gomez go rehab drug,2
selena gomez go rehab drug relapse,2
selena gomez go rehab relapse,2
selena gomez go fear,2
selena gomez go fear another,2
selena gomez go fear another drug,2
selena gomez go fear another drug relapse,2
selena gomez go fear another relapse,2
selena gomez go fear drug,2
selena gomez go fear drug relapse,2
selena gomez go fear relapse,2
selena gomez go drug,2
selena gomez go drug relapse,2
selena gomez go relapse,2
selena gomez drug,2
selena gomez drug relapse,2
selena gomez relapse,2
selena justin theroux,2
selena friend another,2
selena friend another drug,2
selena friend another drug relapse,2
selena friend another relapse,2
selena friend fear,2
selena friend fear another,2
selena friend fear another drug,2
selena friend fear another drug relapse,2
selena friend fear another relapse,2
selena friend fear drug,2
selena friend fear drug relapse,2
selena friend fear relapse,2
selena friend drug,2
selena friend drug relapse,2
selena friend relapse,2
selena another drug,2
selena another drug relapse,2
selena another relapse,2
selena rehab friend,2
selena rehab friend another,2
selena rehab friend another drug,2
selena rehab friend another drug relapse,2
selena rehab friend another relapse,2
selena rehab friend fear,2
selena rehab friend fear another,2
selena rehab friend fear another drug,2
selena rehab friend fear another drug relapse,2
selena rehab friend fear another relapse,2
selena rehab friend fear drug,2
selena rehab friend fear drug relapse,2
selena rehab friend fear relapse,2
selena rehab friend drug,2
selena rehab friend drug relapse,2
selena rehab friend relapse,2
selena rehab another,2
selena rehab another drug,2
selena rehab another drug relapse,2
selena rehab another relapse,2
selena rehab fear,2
selena rehab fear another,2
selena rehab fear another drug,2
selena rehab fear another drug relapse,2
selena rehab fear another relapse,2
selena rehab fear drug,2
selena rehab fear drug relapse,2
selena rehab fear relapse,2
selena rehab drug,2
selena rehab drug relapse,2
selena rehab relapse,2
selena fear another,2
selena fear another drug,2
selena fear another drug relapse,2
selena fear another relapse,2
selena fear drug,2
selena fear drug relapse,2
selena fear relapse,2
selena go friend,2
selena go friend another,2
selena go friend another drug,2
selena go friend another drug relapse,2
selena go friend another relapse,2
selena go friend fear,2
selena go friend fear another,2
selena go friend fear another drug,2
selena go friend fear another drug relapse,2
selena go friend fear another relapse,2
selena go friend fear drug,2
selena go friend fear drug relapse,2
selena go friend fear relapse,2
selena go friend drug,2
selena go friend drug relapse,2
selena go friend relapse,2
selena go another,2
selena go another drug,2
selena go another drug relapse,2
selena go another relapse,2
selena go rehab,2
selena go rehab friend,2
selena go rehab friend another,2
selena go rehab friend another drug,2
selena go rehab friend another drug relapse,2
selena go rehab friend another relapse,2
selena go rehab friend fear,2
selena go rehab friend fear another,2
selena go rehab friend fear another drug,2
selena go rehab friend fear another drug relapse,2
selena go rehab friend fear another relapse,2
selena go rehab friend fear drug,2
selena go rehab friend fear drug relapse,2
selena go rehab friend fear relapse,2
selena go rehab friend drug,2
selena go rehab friend drug relapse,2
selena go rehab friend relapse,2
selena go rehab another,2
selena go rehab another drug,2
selena go rehab another drug relapse,2
selena go rehab another relapse,2
selena go rehab fear,2
selena go rehab fear another,2
selena go rehab fear another drug,2
selena go rehab fear another drug relapse,2
selena go rehab fear another relapse,2
selena go rehab fear drug,2
selena go rehab fear drug relapse,2
selena go rehab fear relapse,2
selena go rehab drug,2
selena go rehab drug relapse,2
selena go rehab relapse,2
selena go fear,2
selena go fear another,2
selena go fear another drug,2
selena go fear another drug relapse,2
selena go fear another relapse,2
selena go fear drug,2
selena go fear drug relapse,2
selena go fear relapse,2
selena go drug,2
selena go drug relapse,2
selena go relapse,2
selena drug relapse,2
selena hell gomez,2
selena hell gomez friend,2
selena hell gomez friend another,2
selena hell gomez friend another drug,2
selena hell gomez friend another drug relapse,2
selena hell gomez friend another relapse,2
selena hell gomez friend fear,2
selena hell gomez friend fear another,2
selena hell gomez friend fear another drug,2
selena hell gomez friend fear another drug relapse,2
selena hell gomez friend fear another relapse,2
selena hell gomez friend fear drug,2
selena hell gomez friend fear drug relapse,2
selena hell gomez friend fear relapse,2
selena hell gomez friend drug,2
selena hell gomez friend drug relapse,2
selena hell gomez friend relapse,2
selena hell gomez another,2
selena hell gomez another drug,2
selena hell gomez another drug relapse,2
selena hell gomez another relapse,2
selena hell gomez rehab,2
selena hell gomez rehab friend,2
selena hell gomez rehab friend another,2
selena hell gomez rehab friend another drug,2
selena hell gomez rehab friend another drug relapse,2
selena hell gomez rehab friend another relapse,2
selena hell gomez rehab friend fear,2
selena hell gomez rehab friend fear another,2
selena hell gomez rehab friend fear another drug,2
selena hell gomez rehab friend fear another drug relapse,2
selena hell gomez rehab friend fear another relapse,2
selena hell gomez rehab friend fear drug,2
selena hell gomez rehab friend fear drug relapse,2
selena hell gomez rehab friend fear relapse,2
selena hell gomez rehab friend drug,2
selena hell gomez rehab friend drug relapse,2
selena hell gomez rehab friend relapse,2
selena hell gomez rehab another,2
selena hell gomez rehab another drug,2
selena hell gomez rehab another drug relapse,2
selena hell gomez rehab another relapse,2
selena hell gomez rehab fear,2
selena hell gomez rehab fear another,2
selena hell gomez rehab fear another drug,2
selena hell gomez rehab fear another drug relapse,2
selena hell gomez rehab fear another relapse,2
selena hell gomez rehab fear drug,2
selena hell gomez rehab fear drug relapse,2
selena hell gomez rehab fear relapse,2
selena hell gomez rehab drug,2
selena hell gomez rehab drug relapse,2
selena hell gomez rehab relapse,2
selena hell gomez fear,2
selena hell gomez fear another,2
selena hell gomez fear another drug,2
selena hell gomez fear another drug relapse,2
selena hell gomez fear another relapse,2
selena hell gomez fear drug,2
selena hell gomez fear drug relapse,2
selena hell gomez fear relapse,2
selena hell gomez go,2
selena hell gomez go friend,2
selena hell gomez go friend another,2
selena hell gomez go friend another drug,2
selena hell gomez go friend another drug relapse,2
selena hell gomez go friend another relapse,2
selena hell gomez go friend fear,2
selena hell gomez go friend fear another,2
selena hell gomez go friend fear another drug,2
selena hell gomez go friend fear another drug relapse,2
selena hell gomez go friend fear another relapse,2
selena hell gomez go friend fear drug,2
selena hell gomez go friend fear drug relapse,2
selena hell gomez go friend fear relapse,2
selena hell gomez go friend drug,2
selena hell gomez go friend drug relapse,2
selena hell gomez go friend relapse,2
selena hell gomez go another,2
selena hell gomez go another drug,2
selena hell gomez go another drug relapse,2
selena hell gomez go another relapse,2
selena hell gomez go rehab,2
selena hell gomez go rehab friend,2
selena hell gomez go rehab friend another,2
selena hell gomez go rehab friend another drug,2
selena hell gomez go rehab friend another drug relapse,2
selena hell gomez go rehab friend another relapse,2
selena hell gomez go rehab friend fear,2
selena hell gomez go rehab friend fear another,2
selena hell gomez go rehab friend fear another drug,2
selena hell gomez go rehab friend fear another drug relapse,2
selena hell gomez go rehab friend fear another relapse,2
selena hell gomez go rehab friend fear drug,2
selena hell gomez go rehab friend fear drug relapse,2
selena hell gomez go rehab friend fear relapse,2
selena hell gomez go rehab friend drug,2
selena hell gomez go rehab friend drug relapse,2
selena hell gomez go rehab friend relapse,2
selena hell gomez go rehab another,2
selena hell gomez go rehab another drug,2
selena hell gomez go rehab another drug relapse,2
selena hell gomez go rehab another relapse,2
selena hell gomez go rehab fear,2
selena hell gomez go rehab fear another,2
selena hell gomez go rehab fear another drug,2
selena hell gomez go rehab fear another drug relapse,2
selena hell gomez go rehab fear another relapse,2
selena hell gomez go rehab fear drug,2
selena hell gomez go rehab fear drug relapse,2
selena hell gomez go rehab fear relapse,2
selena hell gomez go rehab drug,2
selena hell gomez go rehab drug relapse,2
selena hell gomez go rehab relapse,2
selena hell gomez go fear,2
selena hell gomez go fear another,2
selena hell gomez go fear another drug,2
selena hell gomez go fear another drug relapse,2
selena hell gomez go fear another relapse,2
selena hell gomez go fear drug,2
selena hell gomez go fear drug relapse,2
selena hell gomez go fear relapse,2
selena hell gomez go drug,2
selena hell gomez go drug relapse,2
selena hell gomez go relapse,2
selena hell gomez drug,2
selena hell gomez drug relapse,2
selena hell gomez relapse,2
selena hell friend,2
selena hell friend another,2
selena hell friend another drug,2
selena hell friend another drug relapse,2
selena hell friend another relapse,2
selena hell friend fear,2
selena hell friend fear another,2
selena hell friend fear another drug,2
selena hell friend fear another drug relapse,2
selena hell friend fear another relapse,2
selena hell friend fear drug,2
selena hell friend fear drug relapse,2
selena hell friend fear relapse,2
selena hell friend drug,2
selena hell friend drug relapse,2
selena hell friend relapse,2
selena hell another,2
selena hell another drug,2
selena hell another drug relapse,2
selena hell another relapse,2
selena hell rehab,2
selena hell rehab friend,2
selena hell rehab friend another,2
selena hell rehab friend another drug,2
selena hell rehab friend another drug relapse,2
selena hell rehab friend another relapse,2
selena hell rehab friend fear,2
selena hell rehab friend fear another,2
selena hell rehab friend fear another drug,2
selena hell rehab friend fear another drug relapse,2
selena hell rehab friend fear another relapse,2
selena hell rehab friend fear drug,2
selena hell rehab friend fear drug relapse,2
selena hell rehab friend fear relapse,2
selena hell rehab friend drug,2
selena hell rehab friend drug relapse,2
selena hell rehab friend relapse,2
selena hell rehab another,2
selena hell rehab another drug,2
selena hell rehab another drug relapse,2
selena hell rehab another relapse,2
selena hell rehab fear,2
selena hell rehab fear another,2
selena hell rehab fear another drug,2
selena hell rehab fear another drug relapse,2
selena hell rehab fear another relapse,2
selena hell rehab fear drug,2
selena hell rehab fear drug relapse,2
selena hell rehab fear relapse,2
selena hell rehab drug,2
selena hell rehab drug relapse,2
selena hell rehab relapse,2
selena hell fear,2
selena hell fear another,2
selena hell fear another drug,2
selena hell fear another drug relapse,2
selena hell fear another relapse,2
selena hell fear drug,2
selena hell fear drug relapse,2
selena hell fear relapse,2
selena hell go,2
selena hell go friend,2
selena hell go friend another,2
selena hell go friend another drug,2
selena hell go friend another drug relapse,2
selena hell go friend another relapse,2
selena hell go friend fear,2
selena hell go friend fear another,2
selena hell go friend fear another drug,2
selena hell go friend fear another drug relapse,2
selena hell go friend fear another relapse,2
selena hell go friend fear drug,2
selena hell go friend fear drug relapse,2
selena hell go friend fear relapse,2
selena hell go friend drug,2
selena hell go friend drug relapse,2
selena hell go friend relapse,2
selena hell go another,2
selena hell go another drug,2
selena hell go another drug relapse,2
selena hell go another relapse,2
selena hell go rehab,2
selena hell go rehab friend,2
selena hell go rehab friend another,2
selena hell go rehab friend another drug,2
selena hell go rehab friend another drug relapse,2
selena hell go rehab friend another relapse,2
selena hell go rehab friend fear,2
selena hell go rehab friend fear another,2
selena hell go rehab friend fear another drug,2
selena hell go rehab friend fear another drug relapse,2
selena hell go rehab friend fear another relapse,2
selena hell go rehab friend fear drug,2
selena hell go rehab friend fear drug relapse,2
selena hell go rehab friend fear relapse,2
selena hell go rehab friend drug,2
selena hell go rehab friend drug relapse,2
selena hell go rehab friend relapse,2
selena hell go rehab another,2
selena hell go rehab another drug,2
selena hell go rehab another drug relapse,2
selena hell go rehab another relapse,2
selena hell go rehab fear,2
selena hell go rehab fear another,2
selena hell go rehab fear another drug,2
selena hell go rehab fear another drug relapse,2
selena hell go rehab fear another relapse,2
selena hell go rehab fear drug,2
selena hell go rehab fear drug relapse,2
selena hell go rehab fear relapse,2
selena hell go rehab drug,2
selena hell go rehab drug relapse,2
selena hell go rehab relapse,2
selena hell go fear,2
selena hell go fear another,2
selena hell go fear another drug,2
selena hell go fear another drug relapse,2
selena hell go fear another relapse,2
selena hell go fear drug,2
selena hell go fear drug relapse,2
selena hell go fear relapse,2
selena hell go drug,2
selena hell go drug relapse,2
selena hell go relapse,2
selena hell drug,2
selena hell drug relapse,2
selena hell relapse,2
gomez justin theroux,2
gomez friend another,2
gomez friend another drug,2
gomez friend another drug relapse,2
gomez friend another relapse,2
gomez friend fear,2
gomez friend fear another,2
gomez friend fear another drug,2
gomez friend fear another drug relapse,2
gomez friend fear another relapse,2
gomez friend fear drug,2
gomez friend fear drug relapse,2
gomez friend fear relapse,2
gomez friend drug,2
gomez friend drug relapse,2
gomez friend relapse,2
gomez another drug,2
gomez another drug relapse,2
gomez another relapse,2
gomez rehab friend,2
gomez rehab friend another,2
gomez rehab friend another drug,2
gomez rehab friend another drug relapse,2
gomez rehab friend another relapse,2
gomez rehab friend fear,2
gomez rehab friend fear another,2
gomez rehab friend fear another drug,2
gomez rehab friend fear another drug relapse,2
gomez rehab friend fear another relapse,2
gomez rehab friend fear drug,2
gomez rehab friend fear drug relapse,2
gomez rehab friend fear relapse,2
gomez rehab friend drug,2
gomez rehab friend drug relapse,2
gomez rehab friend relapse,2
gomez rehab another,2
gomez rehab another drug,2
gomez rehab another drug relapse,2
gomez rehab another relapse,2
gomez rehab fear,2
gomez rehab fear another,2
gomez rehab fear another drug,2
gomez rehab fear another drug relapse,2
gomez rehab fear another relapse,2
gomez rehab fear drug,2
gomez rehab fear drug relapse,2
gomez rehab fear relapse,2
gomez rehab drug,2
gomez rehab drug relapse,2
gomez rehab relapse,2
gomez fear another,2
gomez fear another drug,2
gomez fear another drug relapse,2
gomez fear another relapse,2
gomez fear drug,2
gomez fear drug relapse,2
gomez fear relapse,2
gomez go friend,2
gomez go friend another,2
gomez go friend another drug,2
gomez go friend another drug relapse,2
gomez go friend another relapse,2
gomez go friend fear,2
gomez go friend fear another,2
gomez go friend fear another drug,2
gomez go friend fear another drug relapse,2
gomez go friend fear another relapse,2
gomez go friend fear drug,2
gomez go friend fear drug relapse,2
gomez go friend fear relapse,2
gomez go friend drug,2
gomez go friend drug relapse,2
gomez go friend relapse,2
gomez go another,2
gomez go another drug,2
gomez go another drug relapse,2
gomez go another relapse,2
gomez go rehab,2
gomez go rehab friend,2
gomez go rehab friend another,2
gomez go rehab friend another drug,2
gomez go rehab friend another drug relapse,2
gomez go rehab friend another relapse,2
gomez go rehab friend fear,2
gomez go rehab friend fear another,2
gomez go rehab friend fear another drug,2
gomez go rehab friend fear another drug relapse,2
gomez go rehab friend fear another relapse,2
gomez go rehab friend fear drug,2
gomez go rehab friend fear drug relapse,2
gomez go rehab friend fear relapse,2
gomez go rehab friend drug,2
gomez go rehab friend drug relapse,2
gomez go rehab friend relapse,2
gomez go rehab another,2
gomez go rehab another drug,2
gomez go rehab another drug relapse,2
gomez go rehab another relapse,2
gomez go rehab fear,2
gomez go rehab fear another,2
gomez go rehab fear another drug,2
gomez go rehab fear another drug relapse,2
gomez go rehab fear another relapse,2
gomez go rehab fear drug,2
gomez go rehab fear drug relapse,2
gomez go rehab fear relapse,2
gomez go rehab drug,2
gomez go rehab drug relapse,2
gomez go rehab relapse,2
gomez go fear,2
gomez go fear another,2
gomez go fear another drug,2
gomez go fear another drug relapse,2
gomez go fear another relapse,2
gomez go fear drug,2
gomez go fear drug relapse,2
gomez go fear relapse,2
gomez go drug,2
gomez go drug relapse,2
gomez go relapse,2
gomez drug relapse,2
justin selena christmas,2
justin bieber selena christmas,2
justin bieber baby,2
justin bieber want,2
justin bieber together,2
justin bieber christmas,2
justin jennifer aniston,2
justin theroux jennifer,2
justin theroux jennifer aniston,2
justin theroux aniston,2
justin theroux split,2
justin theroux dating,2
justin theroux aubrey,2
justin theroux aubrey plaza,2
justin theroux plaza,2
justin theroux caught,2
justin theroux e,2
justin aubrey plaza,2
bieber selena christmas,2
choice award list,2
choice award winner,2
choice award winner list,2
choice award winner complete,2
choice award winner complete list,2
choice award complete,2
choice award complete list,2
choice winner list,2
choice winner complete,2
choice winner complete list,2
choice complete list,2
award winner list,2
award winner complete,2
award winner complete list,2
award complete list,2
winner complete list,2
jennifer aniston news,2
jennifer aniston angelina,2
jennifer aniston angelina jolie,2
jennifer aniston jolie,2
jennifer aniston split,2
jennifer angelina jolie,2
jennifer lopez love,2
jennifer garner split,2
jennifer garner rumor,2
jennifer garner year,2
jennifer garner divorce year,2
jennifer garner kid,2
jennifer divorce year,2
aniston angelina jolie,2
theroux jennifer aniston,2
theroux aubrey plaza,2
angelina get brad,2
angelina get brad pitt,2
angelina get pitt,2
angelina jolie get,2
angelina jolie get brad,2
angelina jolie get brad pitt,2
angelina jolie get pitt,2
angelina jolie brad pitt say,2
angelina jolie brad pitt divorce,2
angelina jolie brad pitt custody,2
angelina jolie brad pitt fight,2
angelina jolie brad say,2
angelina jolie brad divorce,2
angelina jolie brad custody,2
angelina jolie brad fight,2
angelina jolie pitt say,2
angelina jolie pitt divorce,2
angelina jolie pitt custody,2
angelina jolie pitt fight,2
angelina jolie source,2
angelina jolie divorce brad,2
angelina jolie divorce brad pitt,2
angelina jolie divorce pitt,2
angelina jolie fake,2
angelina jolie kid,2
angelina jolie custody battle,2
angelina jolie battle,2
angelina jolie break,2
angelina jolie break brad,2
angelina jolie break brad pitt,2
angelina jolie break pitt,2
angelina jolie break divorce,2
angelina jolie plan,2
angelina jolie child,2
angelina jolie new,2
angelina jolie secret,2
angelina jolie fight,2
angelina brad pitt say,2
angelina brad pitt divorce,2
angelina brad pitt custody,2
angelina brad pitt fight,2
angelina brad say,2
angelina brad divorce,2
angelina brad custody,2
angelina brad fight,2
angelina pitt say,2
angelina pitt divorce,2
angelina pitt custody,2
angelina pitt fight,2
angelina divorce brad,2
angelina divorce brad pitt,2
angelina divorce pitt,2
angelina custody battle,2
angelina break brad,2
angelina break brad pitt,2
angelina break pitt,2
angelina break divorce,2
jolie get brad,2
jolie get brad pitt,2
jolie get pitt,2
jolie brad pitt say,2
jolie brad pitt divorce,2
jolie brad pitt custody,2
jolie brad pitt fight,2
jolie brad say,2
jolie brad divorce,2
jolie brad custody,2
jolie brad fight,2
jolie pitt say,2
jolie pitt divorce,2
jolie pitt custody,2
jolie pitt fight,2
jolie divorce brad,2
jolie divorce brad pitt,2
jolie divorce pitt,2
jolie custody battle,2
jolie break brad,2
jolie break brad pitt,2
jolie break pitt,2
jolie break divorce,2
brad despite rumor,2
brad justin theroux,2
brad jennifer justin,2
brad jennifer justin theroux,2
brad jennifer aniston justin,2
brad jennifer aniston justin theroux,2
brad jennifer aniston theroux,2
brad jennifer theroux,2
brad aniston justin,2
brad aniston justin theroux,2
brad aniston theroux,2
brad pitt princess,2
brad pitt rumored,2
brad pitt despite rumor,2
brad pitt justin,2
brad pitt justin theroux,2
brad pitt jennifer justin,2
brad pitt jennifer justin theroux,2
brad pitt jennifer aniston justin,2
brad pitt jennifer aniston justin theroux,2
brad pitt jennifer aniston theroux,2
brad pitt jennifer theroux,2
brad pitt aniston justin,2
brad pitt aniston justin theroux,2
brad pitt aniston theroux,2
brad pitt theroux,2
brad pitt say,2
brad pitt amid,2
brad pitt rumor,2
brad pitt back,2
brad pitt dating,2
brad pitt school,2
brad pitt girlfriend,2
brad pitt neri oxman six,2
brad pitt neri six,2
brad pitt oxman six,2
brad pitt custody battle,2
brad pitt battle,2
brad pitt smitten,2
brad pitt fight,2
brad pitt film,2
brad neri oxman six,2
brad neri six,2
brad oxman six,2
brad custody battle,2
pitt despite rumor,2
pitt justin theroux,2
pitt jennifer justin,2
pitt jennifer justin theroux,2
pitt jennifer aniston justin,2
pitt jennifer aniston justin theroux,2
pitt jennifer aniston theroux,2
pitt jennifer theroux,2
pitt aniston justin,2
pitt aniston justin theroux,2
pitt aniston theroux,2
pitt neri oxman six,2
pitt neri six,2
pitt oxman six,2
pitt custody battle,2
ben jennifer split,2
ben jennifer year,2
ben jennifer garner split,2
ben jennifer garner year,2
ben jennifer garner divorce year,2
ben jennifer divorce year,2
ben affleck jennifer split,2
ben affleck jennifer year,2
ben affleck jennifer garner split,2
ben affleck jennifer garner year,2
ben affleck jennifer garner divorce year,2
ben affleck jennifer divorce year,2
ben affleck matt,2
ben affleck matt damon,2
ben affleck damon,2
ben affleck split,2
ben affleck year,2
ben affleck garner split,2
ben affleck garner year,2
ben affleck garner divorce year,2
ben affleck divorce year,2
ben affleck batman,2
ben matt damon,2
ben garner split,2
ben garner year,2
ben garner divorce year,2
ben divorce year,2
affleck jennifer split,2
affleck jennifer year,2
affleck jennifer garner split,2
affleck jennifer garner year,2
affleck jennifer garner divorce year,2
affleck jennifer divorce year,2
affleck matt damon,2
affleck garner split,2
affleck garner year,2
affleck garner divorce year,2
affleck divorce year,2
best image pinterest,2
friend another drug,2
friend another drug relapse,2
friend another relapse,2
friend fear another,2
friend fear another drug,2
friend fear another drug relapse,2
friend fear another relapse,2
friend fear drug,2
friend fear drug relapse,2
friend fear relapse,2
friend drug relapse,2
baby kim west,2
beyonce kanye west,2
beyonce jay z twin,2
beyonce jay twin,2
beyonce z twin,2
kanye west life,2
kanye west exclusive,2
blake shelton gwen stefani talk,2
blake shelton gwen talk,2
blake shelton stefani talk,2
blake shelton talk,2
blake shelton miranda,2
blake shelton miranda lambert,2
blake shelton lambert,2
blake gwen stefani talk,2
blake gwen talk,2
blake stefani talk,2
blake miranda lambert,2
shelton gwen stefani talk,2
shelton gwen talk,2
shelton stefani talk,2
shelton miranda lambert,2
gwen blake shelton exclusive,2
gwen blake exclusive,2
gwen shelton exclusive,2
gwen stefani blake shelton exclusive,2
gwen stefani blake exclusive,2
gwen stefani shelton exclusive,2
gwen stefani talk,2
gwen stefani voice,2
gwen stefani dumped,2
gwen stefani dumped blake,2
gwen stefani dumped blake shelton,2
gwen stefani dumped shelton,2
gwen stefani exclusive,2
gwen stefani rock,2
gwen dumped blake,2
gwen dumped blake shelton,2
gwen dumped shelton,2
stefani blake shelton exclusive,2
stefani blake exclusive,2
stefani shelton exclusive,2
stefani dumped blake,2
stefani dumped blake shelton,2
stefani dumped shelton,2
miranda blake shelton,2
miranda blake shelton gwen,2
miranda blake shelton gwen stefani,2
miranda blake shelton stefani,2
miranda blake gwen,2
miranda blake gwen stefani,2
miranda blake stefani,2
miranda shelton gwen,2
miranda shelton gwen stefani,2
miranda shelton stefani,2
miranda gwen stefani,2
miranda lambert blake,2
miranda lambert blake shelton,2
miranda lambert blake shelton gwen,2
miranda lambert blake shelton gwen stefani,2
miranda lambert blake shelton stefani,2
miranda lambert blake gwen,2
miranda lambert blake gwen stefani,2
miranda lambert blake stefani,2
miranda lambert shelton,2
miranda lambert shelton gwen,2
miranda lambert shelton gwen stefani,2
miranda lambert shelton stefani,2
miranda lambert gwen,2
miranda lambert gwen stefani,2
miranda lambert stefani,2
miranda lambert anderson,2
miranda lambert anderson east,2
miranda lambert east,2
miranda anderson east,2
lambert blake shelton,2
lambert blake shelton gwen,2
lambert blake shelton gwen stefani,2
lambert blake shelton stefani,2
lambert blake gwen,2
lambert blake gwen stefani,2
lambert blake stefani,2
lambert shelton gwen,2
lambert shelton gwen stefani,2
lambert shelton stefani,2
lambert gwen stefani,2
lambert anderson east,2
prince harry meghan markle wedding,2
prince harry meghan royal,2
prince harry meghan royal wedding,2
prince harry markle wedding,2
prince harry royal wedding,2
prince harry royal family,2
prince harry family,2
prince meghan markle wedding,2
prince meghan royal,2
prince meghan royal wedding,2
prince markle wedding,2
prince royal wedding,2
prince royal family,2
kristen robert pattinson,2
kristen stewart robert,2
kristen stewart robert pattinson,2
kristen stewart pattinson,2
stewart robert pattinson,2
johnny business manager,2
johnny depp business,2
johnny depp business manager,2
johnny depp manager,2
depp business manager,2
ryan seacrest kelly,2
ryan seacrest kelly ripa,2
ryan seacrest kelly ripa live,2
ryan seacrest kelly live,2
ryan seacrest ripa,2
ryan seacrest ripa live,2
ryan seacrest live,2
ryan kelly ripa,2
ryan kelly ripa live,2
ryan kelly live,2
ryan ripa live,2
seacrest kelly ripa,2
seacrest kelly ripa live,2
seacrest kelly live,2
seacrest ripa live,2
kim caitlyn jenner,2
kim caitlyn jenner father,2
kim caitlyn father,2
kim jenner father,2
kim west new,2
kim kardashian caitlyn,2
kim kardashian caitlyn jenner,2
kim kardashian caitlyn jenner father,2
kim kardashian caitlyn father,2
kim kardashian jenner,2
kim kardashian jenner father,2
kim kardashian west new,2
kim kardashian kid,2
kim kardashian father,2
kim kardashian exclusive,2
kim kardashian nude,2
kim kardashian leaving,2
kim kardashian leaving exclusive,2
kim kourtney kardashian,2
kim leaving exclusive,2
kardashian caitlyn jenner,2
kardashian caitlyn jenner father,2
kardashian caitlyn father,2
kardashian jenner father,2
kardashian west new,2
kardashian leaving exclusive,2
kylie jenner claim,2
kylie jenner claim travis,2
kylie jenner claim travis scott,2
kylie jenner claim scott,2
kylie jenner split,2
kylie jenner slam,2
kylie jenner kylie,2
kylie jenner pregnancy,2
kylie jenner rumor,2
kylie jenner kris,2
kylie jenner boyfriend,2
kylie claim travis,2
kylie claim travis scott,2
kylie claim scott,2
kris jenner kardashians,2
kris jenner scott,2
kris jenner keeping,2
kris jenner keeping kardashians,2
kris jenner corey,2
kris travis scott,2
kris keeping kardashians,2
year chris brown,2
garner divorce year,2
divorce brad pitt,2
josh jennifer garner,2
josh duhamel jennifer,2
josh duhamel jennifer garner,2
josh duhamel garner,2
duhamel jennifer garner,2
meghan markle middleton,2
meghan royal wedding,2
markle harry royal,2
markle prince harry royal,2
markle prince royal,2
markle royal wedding,2
travis jenner boyfriend,2
travis kylie jenner,2
travis kylie jenner boyfriend,2
travis kylie boyfriend,2
travis scott jenner,2
travis scott jenner boyfriend,2
travis scott kylie jenner,2
travis scott kylie jenner boyfriend,2
travis scott kylie boyfriend,2
travis scott boyfriend,2
scott jenner boyfriend,2
scott kylie jenner,2
scott kylie jenner boyfriend,2
scott kylie boyfriend,2
anna chris pratt,2
anna faris chris,2
anna faris chris pratt,2
anna faris pratt,2
queen meghan markle,2
queen meghan markle royal,2
queen meghan royal,2
queen markle royal,2
fake news story,2
kelly ryan seacrest,2
kelly ripa ryan,2
kelly ripa ryan seacrest,2
kelly ripa seacrest,2
ripa ryan seacrest,2
dumped blake shelton,2
another drug relapse,2
story married biography,2
find married biography,2
neri oxman six,2
kid custody battle,2
victoria beckham david,2
break brad pitt,2
upset jackson talking,2
upset jackson talking exclusive,2
upset jackson exclusive,2
upset katie jackson,2
upset katie jackson talking,2
upset katie jackson talking exclusive,2
upset katie jackson exclusive,2
upset katie holmes,2
upset katie holmes jackson,2
upset katie holmes jackson talking,2
upset katie holmes jackson talking exclusive,2
upset katie holmes jackson exclusive,2
upset katie holmes joshua,2
upset katie holmes joshua jackson,2
upset katie holmes joshua jackson talking,2
upset katie holmes joshua jackson talking exclusive,2
upset katie holmes joshua jackson exclusive,2
upset katie holmes joshua talking,2
upset katie holmes joshua talking exclusive,2
upset katie holmes joshua exclusive,2
upset katie holmes talking,2
upset katie holmes talking exclusive,2
upset katie holmes exclusive,2
upset katie joshua,2
upset katie joshua jackson,2
upset katie joshua jackson talking,2
upset katie joshua jackson talking exclusive,2
upset katie joshua jackson exclusive,2
upset katie joshua talking,2
upset katie joshua talking exclusive,2
upset katie joshua exclusive,2
upset katie talking,2
upset katie talking exclusive,2
upset katie exclusive,2
upset holmes jackson,2
upset holmes jackson talking,2
upset holmes jackson talking exclusive,2
upset holmes jackson exclusive,2
upset holmes joshua,2
upset holmes joshua jackson,2
upset holmes joshua jackson talking,2
upset holmes joshua jackson talking exclusive,2
upset holmes joshua jackson exclusive,2
upset holmes joshua talking,2
upset holmes joshua talking exclusive,2
upset holmes joshua exclusive,2
upset holmes talking,2
upset holmes talking exclusive,2
upset holmes exclusive,2
upset joshua jackson,2
upset joshua jackson talking,2
upset joshua jackson talking exclusive,2
upset joshua jackson exclusive,2
upset joshua talking,2
upset joshua talking exclusive,2
upset joshua exclusive,2
upset talking exclusive,2
rehab friend another,2
rehab friend another drug,2
rehab friend another drug relapse,2
rehab friend another relapse,2
rehab friend fear,2
rehab friend fear another,2
rehab friend fear another drug,2
rehab friend fear another drug relapse,2
rehab friend fear another relapse,2
rehab friend fear drug,2
rehab friend fear drug relapse,2
rehab friend fear relapse,2
rehab friend drug,2
rehab friend drug relapse,2
rehab friend relapse,2
rehab another drug,2
rehab another drug relapse,2
rehab another relapse,2
rehab fear another,2
rehab fear another drug,2
rehab fear another drug relapse,2
rehab fear another relapse,2
rehab fear drug,2
rehab fear drug relapse,2
rehab fear relapse,2
rehab drug relapse,2
rihanna hassan chris,2
rihanna hassan chris brown,2
rihanna hassan brown,2
rihanna hassan jameel,2
rihanna hassan jameel chris,2
rihanna hassan jameel chris brown,2
rihanna hassan jameel brown,2
rihanna jameel chris,2
rihanna jameel chris brown,2
rihanna jameel brown,2
mindy kaling baby,2
jamie jackson talking,2
jamie jackson talking exclusive,2
jamie jackson exclusive,2
jamie upset jackson,2
jamie upset jackson talking,2
jamie upset jackson talking exclusive,2
jamie upset jackson exclusive,2
jamie upset katie,2
jamie upset katie jackson,2
jamie upset katie jackson talking,2
jamie upset katie jackson talking exclusive,2
jamie upset katie jackson exclusive,2
jamie upset katie holmes,2
jamie upset katie holmes jackson,2
jamie upset katie holmes jackson talking,2
jamie upset katie holmes jackson talking exclusive,2
jamie upset katie holmes jackson exclusive,2
jamie upset katie holmes joshua,2
jamie upset katie holmes joshua jackson,2
jamie upset katie holmes joshua jackson talking,2
jamie upset katie holmes joshua jackson talking exclusive,2
jamie upset katie holmes joshua jackson exclusive,2
jamie upset katie holmes joshua talking,2
jamie upset katie holmes joshua talking exclusive,2
jamie upset katie holmes joshua exclusive,2
jamie upset katie holmes talking,2
jamie upset katie holmes talking exclusive,2
jamie upset katie holmes exclusive,2
jamie upset katie joshua,2
jamie upset katie joshua jackson,2
jamie upset katie joshua jackson talking,2
jamie upset katie joshua jackson talking exclusive,2
jamie upset katie joshua jackson exclusive,2
jamie upset katie joshua talking,2
jamie upset katie joshua talking exclusive,2
jamie upset katie joshua exclusive,2
jamie upset katie talking,2
jamie upset katie talking exclusive,2
jamie upset katie exclusive,2
jamie upset holmes,2
jamie upset holmes jackson,2
jamie upset holmes jackson talking,2
jamie upset holmes jackson talking exclusive,2
jamie upset holmes jackson exclusive,2
jamie upset holmes joshua,2
jamie upset holmes joshua jackson,2
jamie upset holmes joshua jackson talking,2
jamie upset holmes joshua jackson talking exclusive,2
jamie upset holmes joshua jackson exclusive,2
jamie upset holmes joshua talking,2
jamie upset holmes joshua talking exclusive,2
jamie upset holmes joshua exclusive,2
jamie upset holmes talking,2
jamie upset holmes talking exclusive,2
jamie upset holmes exclusive,2
jamie upset joshua,2
jamie upset joshua jackson,2
jamie upset joshua jackson talking,2
jamie upset joshua jackson talking exclusive,2
jamie upset joshua jackson exclusive,2
jamie upset joshua talking,2
jamie upset joshua talking exclusive,2
jamie upset joshua exclusive,2
jamie upset talking,2
jamie upset talking exclusive,2
jamie upset exclusive,2
jamie foxx jackson,2
jamie foxx jackson talking,2
jamie foxx jackson talking exclusive,2
jamie foxx jackson exclusive,2
jamie foxx upset,2
jamie foxx upset jackson,2
jamie foxx upset jackson talking,2
jamie foxx upset jackson talking exclusive,2
jamie foxx upset jackson exclusive,2
jamie foxx upset katie,2
jamie foxx upset katie jackson,2
jamie foxx upset katie jackson talking,2
jamie foxx upset katie jackson talking exclusive,2
jamie foxx upset katie jackson exclusive,2
jamie foxx upset katie holmes,2
jamie foxx upset katie holmes jackson,2
jamie foxx upset katie holmes jackson talking,2
jamie foxx upset katie holmes jackson talking exclusive,2
jamie foxx upset katie holmes jackson exclusive,2
jamie foxx upset katie holmes joshua,2
jamie foxx upset katie holmes joshua jackson,2
jamie foxx upset katie holmes joshua jackson talking,2
jamie foxx upset katie holmes joshua jackson talking exclusive,2
jamie foxx upset katie holmes joshua jackson exclusive,2
jamie foxx upset katie holmes joshua talking,2
jamie foxx upset katie holmes joshua talking exclusive,2
jamie foxx upset katie holmes joshua exclusive,2
jamie foxx upset katie holmes talking,2
jamie foxx upset katie holmes talking exclusive,2
jamie foxx upset katie holmes exclusive,2
jamie foxx upset katie joshua,2
jamie foxx upset katie joshua jackson,2
jamie foxx upset katie joshua jackson talking,2
jamie foxx upset katie joshua jackson talking exclusive,2
jamie foxx upset katie joshua jackson exclusive,2
jamie foxx upset katie joshua talking,2
jamie foxx upset katie joshua talking exclusive,2
jamie foxx upset katie joshua exclusive,2
jamie foxx upset katie talking,2
jamie foxx upset katie talking exclusive,2
jamie foxx upset katie exclusive,2
jamie foxx upset holmes,2
jamie foxx upset holmes jackson,2
jamie foxx upset holmes jackson talking,2
jamie foxx upset holmes jackson talking exclusive,2
jamie foxx upset holmes jackson exclusive,2
jamie foxx upset holmes joshua,2
jamie foxx upset holmes joshua jackson,2
jamie foxx upset holmes joshua jackson talking,2
jamie foxx upset holmes joshua jackson talking exclusive,2
jamie foxx upset holmes joshua jackson exclusive,2
jamie foxx upset holmes joshua talking,2
jamie foxx upset holmes joshua talking exclusive,2
jamie foxx upset holmes joshua exclusive,2
jamie foxx upset holmes talking,2
jamie foxx upset holmes talking exclusive,2
jamie foxx upset holmes exclusive,2
jamie foxx upset joshua,2
jamie foxx upset joshua jackson,2
jamie foxx upset joshua jackson talking,2
jamie foxx upset joshua jackson talking exclusive,2
jamie foxx upset joshua jackson exclusive,2
jamie foxx upset joshua talking,2
jamie foxx upset joshua talking exclusive,2
jamie foxx upset joshua exclusive,2
jamie foxx upset talking,2
jamie foxx upset talking exclusive,2
jamie foxx upset exclusive,2
jamie foxx katie jackson,2
jamie foxx katie jackson talking,2
jamie foxx katie jackson talking exclusive,2
jamie foxx katie jackson exclusive,2
jamie foxx katie holmes jackson,2
jamie foxx katie holmes jackson talking,2
jamie foxx katie holmes jackson talking exclusive,2
jamie foxx katie holmes jackson exclusive,2
jamie foxx katie holmes joshua,2
jamie foxx katie holmes joshua jackson,2
jamie foxx katie holmes joshua jackson talking,2
jamie foxx katie holmes joshua jackson talking exclusive,2
jamie foxx katie holmes joshua jackson exclusive,2
jamie foxx katie holmes joshua talking,2
jamie foxx katie holmes joshua talking exclusive,2
jamie foxx katie holmes joshua exclusive,2
jamie foxx katie holmes talking,2
jamie foxx katie holmes talking exclusive,2
jamie foxx katie holmes exclusive,2
jamie foxx katie joshua,2
jamie foxx katie joshua jackson,2
jamie foxx katie joshua jackson talking,2
jamie foxx katie joshua jackson talking exclusive,2
jamie foxx katie joshua jackson exclusive,2
jamie foxx katie joshua talking,2
jamie foxx katie joshua talking exclusive,2
jamie foxx katie joshua exclusive,2
jamie foxx katie talking,2
jamie foxx katie talking exclusive,2
jamie foxx katie exclusive,2
jamie foxx holmes jackson,2
jamie foxx holmes jackson talking,2
jamie foxx holmes jackson talking exclusive,2
jamie foxx holmes jackson exclusive,2
jamie foxx holmes joshua,2
jamie foxx holmes joshua jackson,2
jamie foxx holmes joshua jackson talking,2
jamie foxx holmes joshua jackson talking exclusive,2
jamie foxx holmes joshua jackson exclusive,2
jamie foxx holmes joshua talking,2
jamie foxx holmes joshua talking exclusive,2
jamie foxx holmes joshua exclusive,2
jamie foxx holmes talking,2
jamie foxx holmes talking exclusive,2
jamie foxx holmes exclusive,2
jamie foxx joshua,2
jamie foxx joshua jackson,2
jamie foxx joshua jackson talking,2
jamie foxx joshua jackson talking exclusive,2
jamie foxx joshua jackson exclusive,2
jamie foxx joshua talking,2
jamie foxx joshua talking exclusive,2
jamie foxx joshua exclusive,2
jamie foxx talking,2
jamie foxx talking exclusive,2
jamie foxx exclusive,2
jamie katie jackson,2
jamie katie jackson talking,2
jamie katie jackson talking exclusive,2
jamie katie jackson exclusive,2
jamie katie holmes jackson,2
jamie katie holmes jackson talking,2
jamie katie holmes jackson talking exclusive,2
jamie katie holmes jackson exclusive,2
jamie katie holmes joshua,2
jamie katie holmes joshua jackson,2
jamie katie holmes joshua jackson talking,2
jamie katie holmes joshua jackson talking exclusive,2
jamie katie holmes joshua jackson exclusive,2
jamie katie holmes joshua talking,2
jamie katie holmes joshua talking exclusive,2
jamie katie holmes joshua exclusive,2
jamie katie holmes talking,2
jamie katie holmes talking exclusive,2
jamie katie holmes exclusive,2
jamie katie joshua,2
jamie katie joshua jackson,2
jamie katie joshua jackson talking,2
jamie katie joshua jackson talking exclusive,2
jamie katie joshua jackson exclusive,2
jamie katie joshua talking,2
jamie katie joshua talking exclusive,2
jamie katie joshua exclusive,2
jamie katie talking,2
jamie katie talking exclusive,2
jamie katie exclusive,2
jamie holmes jackson,2
jamie holmes jackson talking,2
jamie holmes jackson talking exclusive,2
jamie holmes jackson exclusive,2
jamie holmes joshua,2
jamie holmes joshua jackson,2
jamie holmes joshua jackson talking,2
jamie holmes joshua jackson talking exclusive,2
jamie holmes joshua jackson exclusive,2
jamie holmes joshua talking,2
jamie holmes joshua talking exclusive,2
jamie holmes joshua exclusive,2
jamie holmes talking,2
jamie holmes talking exclusive,2
jamie holmes exclusive,2
jamie joshua jackson,2
jamie joshua jackson talking,2
jamie joshua jackson talking exclusive,2
jamie joshua jackson exclusive,2
jamie joshua talking,2
jamie joshua talking exclusive,2
jamie joshua exclusive,2
jamie talking exclusive,2
foxx jackson talking,2
foxx jackson talking exclusive,2
foxx jackson exclusive,2
foxx upset jackson,2
foxx upset jackson talking,2
foxx upset jackson talking exclusive,2
foxx upset jackson exclusive,2
foxx upset katie,2
foxx upset katie jackson,2
foxx upset katie jackson talking,2
foxx upset katie jackson talking exclusive,2
foxx upset katie jackson exclusive,2
foxx upset katie holmes,2
foxx upset katie holmes jackson,2
foxx upset katie holmes jackson talking,2
foxx upset katie holmes jackson talking exclusive,2
foxx upset katie holmes jackson exclusive,2
foxx upset katie holmes joshua,2
foxx upset katie holmes joshua jackson,2
foxx upset katie holmes joshua jackson talking,2
foxx upset katie holmes joshua jackson talking exclusive,2
foxx upset katie holmes joshua jackson exclusive,2
foxx upset katie holmes joshua talking,2
foxx upset katie holmes joshua talking exclusive,2
foxx upset katie holmes joshua exclusive,2
foxx upset katie holmes talking,2
foxx upset katie holmes talking exclusive,2
foxx upset katie holmes exclusive,2
foxx upset katie joshua,2
foxx upset katie joshua jackson,2
foxx upset katie joshua jackson talking,2
foxx upset katie joshua jackson talking exclusive,2
foxx upset katie joshua jackson exclusive,2
foxx upset katie joshua talking,2
foxx upset katie joshua talking exclusive,2
foxx upset katie joshua exclusive,2
foxx upset katie talking,2
foxx upset katie talking exclusive,2
foxx upset katie exclusive,2
foxx upset holmes,2
foxx upset holmes jackson,2
foxx upset holmes jackson talking,2
foxx upset holmes jackson talking exclusive,2
foxx upset holmes jackson exclusive,2
foxx upset holmes joshua,2
foxx upset holmes joshua jackson,2
foxx upset holmes joshua jackson talking,2
foxx upset holmes joshua jackson talking exclusive,2
foxx upset holmes joshua jackson exclusive,2
foxx upset holmes joshua talking,2
foxx upset holmes joshua talking exclusive,2
foxx upset holmes joshua exclusive,2
foxx upset holmes talking,2
foxx upset holmes talking exclusive,2
foxx upset holmes exclusive,2
foxx upset joshua,2
foxx upset joshua jackson,2
foxx upset joshua jackson talking,2
foxx upset joshua jackson talking exclusive,2
foxx upset joshua jackson exclusive,2
foxx upset joshua talking,2
foxx upset joshua talking exclusive,2
foxx upset joshua exclusive,2
foxx upset talking,2
foxx upset talking exclusive,2
foxx upset exclusive,2
foxx katie jackson,2
foxx katie jackson talking,2
foxx katie jackson talking exclusive,2
foxx katie jackson exclusive,2
foxx katie holmes jackson,2
foxx katie holmes jackson talking,2
foxx katie holmes jackson talking exclusive,2
foxx katie holmes jackson exclusive,2
foxx katie holmes joshua,2
foxx katie holmes joshua jackson,2
foxx katie holmes joshua jackson talking,2
foxx katie holmes joshua jackson talking exclusive,2
foxx katie holmes joshua jackson exclusive,2
foxx katie holmes joshua talking,2
foxx katie holmes joshua talking exclusive,2
foxx katie holmes joshua exclusive,2
foxx katie holmes talking,2
foxx katie holmes talking exclusive,2
foxx katie holmes exclusive,2
foxx katie joshua,2
foxx katie joshua jackson,2
foxx katie joshua jackson talking,2
foxx katie joshua jackson talking exclusive,2
foxx katie joshua jackson exclusive,2
foxx katie joshua talking,2
foxx katie joshua talking exclusive,2
foxx katie joshua exclusive,2
foxx katie talking,2
foxx katie talking exclusive,2
foxx katie exclusive,2
foxx holmes jackson,2
foxx holmes jackson talking,2
foxx holmes jackson talking exclusive,2
foxx holmes jackson exclusive,2
foxx holmes joshua,2
foxx holmes joshua jackson,2
foxx holmes joshua jackson talking,2
foxx holmes joshua jackson talking exclusive,2
foxx holmes joshua jackson exclusive,2
foxx holmes joshua talking,2
foxx holmes joshua talking exclusive,2
foxx holmes joshua exclusive,2
foxx holmes talking,2
foxx holmes talking exclusive,2
foxx holmes exclusive,2
foxx joshua jackson,2
foxx joshua jackson talking,2
foxx joshua jackson talking exclusive,2
foxx joshua jackson exclusive,2
foxx joshua talking,2
foxx joshua talking exclusive,2
foxx joshua exclusive,2
foxx talking exclusive,2
katie jackson talking,2
katie jackson talking exclusive,2
katie jackson exclusive,2
katie jamie foxx,2
katie holmes jackson,2
katie holmes jackson talking,2
katie holmes jackson talking exclusive,2
katie holmes jackson exclusive,2
katie holmes jamie,2
katie holmes jamie foxx,2
katie holmes foxx,2
katie holmes joshua,2
katie holmes joshua jackson,2
katie holmes joshua jackson talking,2
katie holmes joshua jackson talking exclusive,2
katie holmes joshua jackson exclusive,2
katie holmes joshua talking,2
katie holmes joshua talking exclusive,2
katie holmes joshua exclusive,2
katie holmes talking,2
katie holmes talking exclusive,2
katie holmes exclusive,2
katie joshua jackson,2
katie joshua jackson talking,2
katie joshua jackson talking exclusive,2
katie joshua jackson exclusive,2
katie joshua talking,2
katie joshua talking exclusive,2
katie joshua exclusive,2
katie talking exclusive,2
holmes jackson talking,2
holmes jackson talking exclusive,2
holmes jackson exclusive,2
holmes jamie foxx,2
holmes joshua jackson,2
holmes joshua jackson talking,2
holmes joshua jackson talking exclusive,2
holmes joshua jackson exclusive,2
holmes joshua talking,2
holmes joshua talking exclusive,2
holmes joshua exclusive,2
holmes talking exclusive,2
joshua jackson talking,2
joshua jackson talking exclusive,2
joshua jackson exclusive,2
joshua talking exclusive,2
new year eve,2
inside angelina jolie,2
kourtney scott disick,2
kourtney scott disick sofia,2
kourtney scott disick sofia richie,2
kourtney scott disick richie,2
kourtney scott sofia,2
kourtney scott sofia richie,2
kourtney scott richie,2
kourtney disick sofia,2
kourtney disick sofia richie,2
kourtney disick richie,2
kourtney sofia richie,2
pippa middleton wedding,2
nina dobrev ian,2
nina dobrev ian somerhalder,2
nina dobrev somerhalder,2
nina ian somerhalder,2
dobrev ian somerhalder,2
hassan chris brown,2
hassan jameel chris,2
hassan jameel chris brown,2
hassan jameel brown,2
jameel chris brown,2
fear another drug,2
fear another drug relapse,2
fear another relapse,2
fear drug relapse,2
jay kanye west,2
jay z kanye,2
jay z kanye west,2
jay z west,2
jay z kim,2
jay z million,2
jay z million twin,2
jay million twin,2
z kanye west,2
z million twin,2
j lo rod,2
alex rodriguez love,2
go friend another,2
go friend another drug,2
go friend another drug relapse,2
go friend another relapse,2
go friend fear,2
go friend fear another,2
go friend fear another drug,2
go friend fear another drug relapse,2
go friend fear another relapse,2
go friend fear drug,2
go friend fear drug relapse,2
go friend fear relapse,2
go friend drug,2
go friend drug relapse,2
go friend relapse,2
go another drug,2
go another drug relapse,2
go another relapse,2
go rehab friend,2
go rehab friend another,2
go rehab friend another drug,2
go rehab friend another drug relapse,2
go rehab friend another relapse,2
go rehab friend fear,2
go rehab friend fear another,2
go rehab friend fear another drug,2
go rehab friend fear another drug relapse,2
go rehab friend fear another relapse,2
go rehab friend fear drug,2
go rehab friend fear drug relapse,2
go rehab friend fear relapse,2
go rehab friend drug,2
go rehab friend drug relapse,2
go rehab friend relapse,2
go rehab another,2
go rehab another drug,2
go rehab another drug relapse,2
go rehab another relapse,2
go rehab fear,2
go rehab fear another,2
go rehab fear another drug,2
go rehab fear another drug relapse,2
go rehab fear another relapse,2
go rehab fear drug,2
go rehab fear drug relapse,2
go rehab fear relapse,2
go rehab drug,2
go rehab drug relapse,2
go rehab relapse,2
go fear another,2
go fear another drug,2
go fear another drug relapse,2
go fear another relapse,2
go fear drug,2
go fear drug relapse,2
go fear relapse,2
go drug relapse,2
fergie josh duhamel,2
give birth baby,2
wife portia de,2
wife portia de rossi,2
wife portia rossi,2
wife de rossi,2
george amal clooney,2
faris chris pratt,2
mariah carey bryan,2
mariah carey bryan tanaka,2
mariah carey tanaka,2
mariah bryan tanaka,2
carey bryan tanaka,2
beyonc jay z,2
ariel winter levi,2
ariel winter levi meaden,2
ariel winter meaden,2
ariel levi meaden,2
winter levi meaden,2
karrueche chris brown,2
karrueche tran chris,2
karrueche tran chris brown,2
karrueche tran brown,2
tran chris brown,2
ellen wife portia,2
ellen wife portia de,2
ellen wife portia de rossi,2
ellen wife portia rossi,2
ellen wife de,2
ellen wife de rossi,2
ellen wife rossi,2
ellen degeneres wife,2
ellen degeneres wife portia,2
ellen degeneres wife portia de,2
ellen degeneres wife portia de rossi,2
ellen degeneres wife portia rossi,2
ellen degeneres wife de,2
ellen degeneres wife de rossi,2
ellen degeneres wife rossi,2
ellen degeneres portia de rossi th,2
ellen degeneres portia de th,2
ellen degeneres portia rossi th,2
ellen degeneres portia th,2
ellen degeneres de rossi th,2
ellen degeneres de th,2
ellen degeneres rossi th,2
ellen degeneres th,2
ellen portia de rossi th,2
ellen portia de th,2
ellen portia rossi th,2
ellen portia th,2
ellen de rossi th,2
ellen de th,2
ellen rossi th,2
degeneres wife portia,2
degeneres wife portia de,2
degeneres wife portia de rossi,2
degeneres wife portia rossi,2
degeneres wife de,2
degeneres wife de rossi,2
degeneres wife rossi,2
degeneres portia de rossi th,2
degeneres portia de th,2
degeneres portia rossi th,2
degeneres portia th,2
degeneres de rossi th,2
degeneres de th,2
degeneres rossi th,2
portia de rossi th,2
portia de th,2
portia rossi th,2
de rossi th,2
spice girl reunion,2
hell gomez friend,2
hell gomez friend another,2
hell gomez friend another drug,2
hell gomez friend another drug relapse,2
hell gomez friend another relapse,2
hell gomez friend fear,2
hell gomez friend fear another,2
hell gomez friend fear another drug,2
hell gomez friend fear another drug relapse,2
hell gomez friend fear another relapse,2
hell gomez friend fear drug,2
hell gomez friend fear drug relapse,2
hell gomez friend fear relapse,2
hell gomez friend drug,2
hell gomez friend drug relapse,2
hell gomez friend relapse,2
hell gomez another,2
hell gomez another drug,2
hell gomez another drug relapse,2
hell gomez another relapse,2
hell gomez rehab,2
hell gomez rehab friend,2
hell gomez rehab friend another,2
hell gomez rehab friend another drug,2
hell gomez rehab friend another drug relapse,2
hell gomez rehab friend another relapse,2
hell gomez rehab friend fear,2
hell gomez rehab friend fear another,2
hell gomez rehab friend fear another drug,2
hell gomez rehab friend fear another drug relapse,2
hell gomez rehab friend fear another relapse,2
hell gomez rehab friend fear drug,2
hell gomez rehab friend fear drug relapse,2
hell gomez rehab friend fear relapse,2
hell gomez rehab friend drug,2
hell gomez rehab friend drug relapse,2
hell gomez rehab friend relapse,2
hell gomez rehab another,2
hell gomez rehab another drug,2
hell gomez rehab another drug relapse,2
hell gomez rehab another relapse,2
hell gomez rehab fear,2
hell gomez rehab fear another,2
hell gomez rehab fear another drug,2
hell gomez rehab fear another drug relapse,2
hell gomez rehab fear another relapse,2
hell gomez rehab fear drug,2
hell gomez rehab fear drug relapse,2
hell gomez rehab fear relapse,2
hell gomez rehab drug,2
hell gomez rehab drug relapse,2
hell gomez rehab relapse,2
hell gomez fear,2
hell gomez fear another,2
hell gomez fear another drug,2
hell gomez fear another drug relapse,2
hell gomez fear another relapse,2
hell gomez fear drug,2
hell gomez fear drug relapse,2
hell gomez fear relapse,2
hell gomez go,2
hell gomez go friend,2
hell gomez go friend another,2
hell gomez go friend another drug,2
hell gomez go friend another drug relapse,2
hell gomez go friend another relapse,2
hell gomez go friend fear,2
hell gomez go friend fear another,2
hell gomez go friend fear another drug,2
hell gomez go friend fear another drug relapse,2
hell gomez go friend fear another relapse,2
hell gomez go friend fear drug,2
hell gomez go friend fear drug relapse,2
hell gomez go friend fear relapse,2
hell gomez go friend drug,2
hell gomez go friend drug relapse,2
hell gomez go friend relapse,2
hell gomez go another,2
hell gomez go another drug,2
hell gomez go another drug relapse,2
hell gomez go another relapse,2
hell gomez go rehab,2
hell gomez go rehab friend,2
hell gomez go rehab friend another,2
hell gomez go rehab friend another drug,2
hell gomez go rehab friend another drug relapse,2
hell gomez go rehab friend another relapse,2
hell gomez go rehab friend fear,2
hell gomez go rehab friend fear another,2
hell gomez go rehab friend fear another drug,2
hell gomez go rehab friend fear another drug relapse,2
hell gomez go rehab friend fear another relapse,2
hell gomez go rehab friend fear drug,2
hell gomez go rehab friend fear drug relapse,2
hell gomez go rehab friend fear relapse,2
hell gomez go rehab friend drug,2
hell gomez go rehab friend drug relapse,2
hell gomez go rehab friend relapse,2
hell gomez go rehab another,2
hell gomez go rehab another drug,2
hell gomez go rehab another drug relapse,2
hell gomez go rehab another relapse,2
hell gomez go rehab fear,2
hell gomez go rehab fear another,2
hell gomez go rehab fear another drug,2
hell gomez go rehab fear another drug relapse,2
hell gomez go rehab fear another relapse,2
hell gomez go rehab fear drug,2
hell gomez go rehab fear drug relapse,2
hell gomez go rehab fear relapse,2
hell gomez go rehab drug,2
hell gomez go rehab drug relapse,2
hell gomez go rehab relapse,2
hell gomez go fear,2
hell gomez go fear another,2
hell gomez go fear another drug,2
hell gomez go fear another drug relapse,2
hell gomez go fear another relapse,2
hell gomez go fear drug,2
hell gomez go fear drug relapse,2
hell gomez go fear relapse,2
hell gomez go drug,2
hell gomez go drug relapse,2
hell gomez go relapse,2
hell gomez drug,2
hell gomez drug relapse,2
hell gomez relapse,2
hell friend another,2
hell friend another drug,2
hell friend another drug relapse,2
hell friend another relapse,2
hell friend fear,2
hell friend fear another,2
hell friend fear another drug,2
hell friend fear another drug relapse,2
hell friend fear another relapse,2
hell friend fear drug,2
hell friend fear drug relapse,2
hell friend fear relapse,2
hell friend drug,2
hell friend drug relapse,2
hell friend relapse,2
hell another drug,2
hell another drug relapse,2
hell another relapse,2
hell rehab friend,2
hell rehab friend another,2
hell rehab friend another drug,2
hell rehab friend another drug relapse,2
hell rehab friend another relapse,2
hell rehab friend fear,2
hell rehab friend fear another,2
hell rehab friend fear another drug,2
hell rehab friend fear another drug relapse,2
hell rehab friend fear another relapse,2
hell rehab friend fear drug,2
hell rehab friend fear drug relapse,2
hell rehab friend fear relapse,2
hell rehab friend drug,2
hell rehab friend drug relapse,2
hell rehab friend relapse,2
hell rehab another,2
hell rehab another drug,2
hell rehab another drug relapse,2
hell rehab another relapse,2
hell rehab fear,2
hell rehab fear another,2
hell rehab fear another drug,2
hell rehab fear another drug relapse,2
hell rehab fear another relapse,2
hell rehab fear drug,2
hell rehab fear drug relapse,2
hell rehab fear relapse,2
hell rehab drug,2
hell rehab drug relapse,2
hell rehab relapse,2
hell fear another,2
hell fear another drug,2
hell fear another drug relapse,2
hell fear another relapse,2
hell fear drug,2
hell fear drug relapse,2
hell fear relapse,2
hell go friend,2
hell go friend another,2
hell go friend another drug,2
hell go friend another drug relapse,2
hell go friend another relapse,2
hell go friend fear,2
hell go friend fear another,2
hell go friend fear another drug,2
hell go friend fear another drug relapse,2
hell go friend fear another relapse,2
hell go friend fear drug,2
hell go friend fear drug relapse,2
hell go friend fear relapse,2
hell go friend drug,2
hell go friend drug relapse,2
hell go friend relapse,2
hell go another,2
hell go another drug,2
hell go another drug relapse,2
hell go another relapse,2
hell go rehab,2
hell go rehab friend,2
hell go rehab friend another,2
hell go rehab friend another drug,2
hell go rehab friend another drug relapse,2
hell go rehab friend another relapse,2
hell go rehab friend fear,2
hell go rehab friend fear another,2
hell go rehab friend fear another drug,2
hell go rehab friend fear another drug relapse,2
hell go rehab friend fear another relapse,2
hell go rehab friend fear drug,2
hell go rehab friend fear drug relapse,2
hell go rehab friend fear relapse,2
hell go rehab friend drug,2
hell go rehab friend drug relapse,2
hell go rehab friend relapse,2
hell go rehab another,2
hell go rehab another drug,2
hell go rehab another drug relapse,2
hell go rehab another relapse,2
hell go rehab fear,2
hell go rehab fear another,2
hell go rehab fear another drug,2
hell go rehab fear another drug relapse,2
hell go rehab fear another relapse,2
hell go rehab fear drug,2
hell go rehab fear drug relapse,2
hell go rehab fear relapse,2
hell go rehab drug,2
hell go rehab drug relapse,2
hell go rehab relapse,2
hell go fear,2
hell go fear another,2
hell go fear another drug,2
hell go fear another drug relapse,2
hell go fear another relapse,2
hell go fear drug,2
hell go fear drug relapse,2
hell go fear relapse,2
hell go drug,2
hell go drug relapse,2
hell go relapse,2
hell drug relapse,2
