kim kardashian west,3
kardashian scott disick,3
tv scoop award,3
prince meghan markle,3
prince harry meghan,3
prince harry meghan markle,3
prince harry markle,3
linkin park chester,3
linkin park chester bennington,3
linkin park bennington,3
linkin chester bennington,3
park chester bennington,3
jennifer lopez alex,3
jennifer lopez alex rodriguez,3
jennifer lopez rodriguez,3
jennifer alex rodriguez,3
meghan markle royal,3
lopez alex rodriguez,3
harry meghan markle,3
wedding ring pic,2
wedding prince harry,2
wedding meghan markle,2
kim kardashian photo,2
kim kardashian instagram,2
kim kardashian scott,2
kim kardashian scott disick,2
kim kardashian disick,2
kim kardashian desperate,2
kim scott disick,2
kardashian new baby,2
handmaid tale season,2
complete winner list,2
selena gomez justin,2
selena gomez justin bieber,2
selena gomez bieber,2
selena gomez year,2
selena justin bieber,2
gomez justin bieber,2
justin bieber selena,2
justin theroux year,2
relationship david divorce,2
relationship david beador,2
relationship david beador divorce,2
relationship beador divorce,2
critic choice award,2
open relationship divorce,2
open relationship david,2
open relationship david divorce,2
open relationship david beador,2
open relationship david beador divorce,2
open relationship beador,2
open relationship beador divorce,2
open david divorce,2
open david beador,2
open david beador divorce,2
open beador divorce,2
first since split,2
bachelor arie luyendyk,2
bachelor arie luyendyk jr,2
bachelor arie jr,2
bachelor luyendyk jr,2
ring first time,2
tv award vote,2
tv scoop award vote,2
tv scoop vote,2
scoop award vote,2
john legend chrissy,2
john legend chrissy teigen,2
john legend teigen,2
john chrissy teigen,2
khloe kardashian baby,2
melania trump life,2
married first sight,2
give first child,2
give birth first,2
give birth first child,2
give birth child,2
legend chrissy teigen,2
welcome first child,2
netflix new release,2
netflix new release coming,2
netflix new coming,2
netflix release coming,2
new release coming,2
bella john cena,2
bella hadid weeknd,2
nikki john cena,2
nikki bella john,2
nikki bella john cena,2
nikki bella cena,2
brad pitt angelina,2
brad pitt angelina jolie,2
brad pitt jolie,2
brad angelina jolie,2
pitt angelina jolie,2
show baby bump,2
show engagement ring,2
taylor swift reputation,2
american crime story,2
american story cult,2
american horror story,2
american horror story cult,2
american horror cult,2
meghan markle prince,2
meghan markle channel,2
pregnant baby bump,2
pregnant show baby,2
pregnant show baby bump,2
pregnant show bump,2
jenna dewan tatum,2
kj apa riverdale,2
lee miller prison,2
arie luyendyk jr,2
hill co star,2
abby lee miller,2
abby lee miller prison,2
abby lee prison,2
abby miller prison,2
david beador divorce,2
david beckham year,2
shannon relationship divorce,2
shannon relationship david,2
shannon relationship david divorce,2
shannon relationship david beador,2
shannon relationship david beador divorce,2
shannon relationship beador,2
shannon relationship beador divorce,2
shannon open relationship,2
shannon open relationship divorce,2
shannon open relationship david,2
shannon open relationship david divorce,2
shannon open relationship david beador,2
shannon open relationship david beador divorce,2
shannon open relationship beador,2
shannon open relationship beador divorce,2
shannon open divorce,2
shannon open david,2
shannon open david divorce,2
shannon open david beador,2
shannon open david beador divorce,2
shannon open beador,2
shannon open beador divorce,2
shannon david divorce,2
shannon david beador,2
shannon david beador divorce,2
shannon beador relationship,2
shannon beador relationship divorce,2
shannon beador relationship david,2
shannon beador relationship david divorce,2
shannon beador relationship david beador,2
shannon beador relationship david beador divorce,2
shannon beador relationship beador,2
shannon beador relationship beador divorce,2
shannon beador open,2
shannon beador open relationship,2
shannon beador open relationship divorce,2
shannon beador open relationship david,2
shannon beador open relationship david divorce,2
shannon beador open relationship david beador,2
shannon beador open relationship david beador divorce,2
shannon beador open relationship beador,2
shannon beador open relationship beador divorce,2
shannon beador open divorce,2
shannon beador open david,2
shannon beador open david divorce,2
shannon beador open david beador,2
shannon beador open david beador divorce,2
shannon beador open beador,2
shannon beador open beador divorce,2
shannon beador divorce,2
shannon beador david,2
shannon beador david divorce,2
shannon beador david beador,2
shannon beador david beador divorce,2
shannon beador beador,2
shannon beador beador divorce,2
beador relationship divorce,2
beador relationship david,2
beador relationship david divorce,2
beador relationship david beador,2
beador relationship david beador divorce,2
beador relationship beador,2
beador relationship beador divorce,2
beador open relationship,2
beador open relationship divorce,2
beador open relationship david,2
beador open relationship david divorce,2
beador open relationship david beador,2
beador open relationship david beador divorce,2
beador open relationship beador,2
beador open relationship beador divorce,2
beador open divorce,2
beador open david,2
beador open david divorce,2
beador open david beador,2
beador open david beador divorce,2
beador open beador,2
beador open beador divorce,2
beador david divorce,2
beador david beador,2
beador david beador divorce,2
beador beador divorce,2
tlc cut tie,2
tlc cut tie derick,2
tlc cut tie derick dillard,2
tlc cut tie derick dillard transphobic,2
tlc cut tie derick dillard transphobic comment,2
tlc cut tie derick dillard transphobic comment jazz,2
tlc cut tie derick dillard transphobic comment jazz jennings,2
tlc cut tie derick dillard transphobic comment jennings,2
tlc cut tie derick dillard transphobic jazz,2
tlc cut tie derick dillard transphobic jazz jennings,2
tlc cut tie derick dillard transphobic jennings,2
tlc cut tie derick dillard comment,2
tlc cut tie derick dillard comment jazz,2
tlc cut tie derick dillard comment jazz jennings,2
tlc cut tie derick dillard comment jennings,2
tlc cut tie derick dillard jazz,2
tlc cut tie derick dillard jazz jennings,2
tlc cut tie derick dillard jennings,2
tlc cut tie derick transphobic,2
tlc cut tie derick transphobic comment,2
tlc cut tie derick transphobic comment jazz,2
tlc cut tie derick transphobic comment jazz jennings,2
tlc cut tie derick transphobic comment jennings,2
tlc cut tie derick transphobic jazz,2
tlc cut tie derick transphobic jazz jennings,2
tlc cut tie derick transphobic jennings,2
tlc cut tie derick comment,2
tlc cut tie derick comment jazz,2
tlc cut tie derick comment jazz jennings,2
tlc cut tie derick comment jennings,2
tlc cut tie derick jazz,2
tlc cut tie derick jazz jennings,2
tlc cut tie derick jennings,2
tlc cut tie dillard,2
tlc cut tie dillard transphobic,2
tlc cut tie dillard transphobic comment,2
tlc cut tie dillard transphobic comment jazz,2
tlc cut tie dillard transphobic comment jazz jennings,2
tlc cut tie dillard transphobic comment jennings,2
tlc cut tie dillard transphobic jazz,2
tlc cut tie dillard transphobic jazz jennings,2
tlc cut tie dillard transphobic jennings,2
tlc cut tie dillard comment,2
tlc cut tie dillard comment jazz,2
tlc cut tie dillard comment jazz jennings,2
tlc cut tie dillard comment jennings,2
tlc cut tie dillard jazz,2
tlc cut tie dillard jazz jennings,2
tlc cut tie dillard jennings,2
tlc cut tie transphobic,2
tlc cut tie transphobic comment,2
tlc cut tie transphobic comment jazz,2
tlc cut tie transphobic comment jazz jennings,2
tlc cut tie transphobic comment jennings,2
tlc cut tie transphobic jazz,2
tlc cut tie transphobic jazz jennings,2
tlc cut tie transphobic jennings,2
tlc cut tie comment,2
tlc cut tie comment jazz,2
tlc cut tie comment jazz jennings,2
tlc cut tie comment jennings,2
tlc cut tie jazz,2
tlc cut tie jazz jennings,2
tlc cut tie jennings,2
tlc cut derick,2
tlc cut derick dillard,2
tlc cut derick dillard transphobic,2
tlc cut derick dillard transphobic comment,2
tlc cut derick dillard transphobic comment jazz,2
tlc cut derick dillard transphobic comment jazz jennings,2
tlc cut derick dillard transphobic comment jennings,2
tlc cut derick dillard transphobic jazz,2
tlc cut derick dillard transphobic jazz jennings,2
tlc cut derick dillard transphobic jennings,2
tlc cut derick dillard comment,2
tlc cut derick dillard comment jazz,2
tlc cut derick dillard comment jazz jennings,2
tlc cut derick dillard comment jennings,2
tlc cut derick dillard jazz,2
tlc cut derick dillard jazz jennings,2
tlc cut derick dillard jennings,2
tlc cut derick transphobic,2
tlc cut derick transphobic comment,2
tlc cut derick transphobic comment jazz,2
tlc cut derick transphobic comment jazz jennings,2
tlc cut derick transphobic comment jennings,2
tlc cut derick transphobic jazz,2
tlc cut derick transphobic jazz jennings,2
tlc cut derick transphobic jennings,2
tlc cut derick comment,2
tlc cut derick comment jazz,2
tlc cut derick comment jazz jennings,2
tlc cut derick comment jennings,2
tlc cut derick jazz,2
tlc cut derick jazz jennings,2
tlc cut derick jennings,2
tlc cut dillard,2
tlc cut dillard transphobic,2
tlc cut dillard transphobic comment,2
tlc cut dillard transphobic comment jazz,2
tlc cut dillard transphobic comment jazz jennings,2
tlc cut dillard transphobic comment jennings,2
tlc cut dillard transphobic jazz,2
tlc cut dillard transphobic jazz jennings,2
tlc cut dillard transphobic jennings,2
tlc cut dillard comment,2
tlc cut dillard comment jazz,2
tlc cut dillard comment jazz jennings,2
tlc cut dillard comment jennings,2
tlc cut dillard jazz,2
tlc cut dillard jazz jennings,2
tlc cut dillard jennings,2
tlc cut transphobic,2
tlc cut transphobic comment,2
tlc cut transphobic comment jazz,2
tlc cut transphobic comment jazz jennings,2
tlc cut transphobic comment jennings,2
tlc cut transphobic jazz,2
tlc cut transphobic jazz jennings,2
tlc cut transphobic jennings,2
tlc cut comment,2
tlc cut comment jazz,2
tlc cut comment jazz jennings,2
tlc cut comment jennings,2
tlc cut jazz,2
tlc cut jazz jennings,2
tlc cut jennings,2
tlc tie derick,2
tlc tie derick dillard,2
tlc tie derick dillard transphobic,2
tlc tie derick dillard transphobic comment,2
tlc tie derick dillard transphobic comment jazz,2
tlc tie derick dillard transphobic comment jazz jennings,2
tlc tie derick dillard transphobic comment jennings,2
tlc tie derick dillard transphobic jazz,2
tlc tie derick dillard transphobic jazz jennings,2
tlc tie derick dillard transphobic jennings,2
tlc tie derick dillard comment,2
tlc tie derick dillard comment jazz,2
tlc tie derick dillard comment jazz jennings,2
tlc tie derick dillard comment jennings,2
tlc tie derick dillard jazz,2
tlc tie derick dillard jazz jennings,2
tlc tie derick dillard jennings,2
tlc tie derick transphobic,2
tlc tie derick transphobic comment,2
tlc tie derick transphobic comment jazz,2
tlc tie derick transphobic comment jazz jennings,2
tlc tie derick transphobic comment jennings,2
tlc tie derick transphobic jazz,2
tlc tie derick transphobic jazz jennings,2
tlc tie derick transphobic jennings,2
tlc tie derick comment,2
tlc tie derick comment jazz,2
tlc tie derick comment jazz jennings,2
tlc tie derick comment jennings,2
tlc tie derick jazz,2
tlc tie derick jazz jennings,2
tlc tie derick jennings,2
tlc tie dillard,2
tlc tie dillard transphobic,2
tlc tie dillard transphobic comment,2
tlc tie dillard transphobic comment jazz,2
tlc tie dillard transphobic comment jazz jennings,2
tlc tie dillard transphobic comment jennings,2
tlc tie dillard transphobic jazz,2
tlc tie dillard transphobic jazz jennings,2
tlc tie dillard transphobic jennings,2
tlc tie dillard comment,2
tlc tie dillard comment jazz,2
tlc tie dillard comment jazz jennings,2
tlc tie dillard comment jennings,2
tlc tie dillard jazz,2
tlc tie dillard jazz jennings,2
tlc tie dillard jennings,2
tlc tie transphobic,2
tlc tie transphobic comment,2
tlc tie transphobic comment jazz,2
tlc tie transphobic comment jazz jennings,2
tlc tie transphobic comment jennings,2
tlc tie transphobic jazz,2
tlc tie transphobic jazz jennings,2
tlc tie transphobic jennings,2
tlc tie comment,2
tlc tie comment jazz,2
tlc tie comment jazz jennings,2
tlc tie comment jennings,2
tlc tie jazz,2
tlc tie jazz jennings,2
tlc tie jennings,2
tlc derick dillard,2
tlc derick dillard transphobic,2
tlc derick dillard transphobic comment,2
tlc derick dillard transphobic comment jazz,2
tlc derick dillard transphobic comment jazz jennings,2
tlc derick dillard transphobic comment jennings,2
tlc derick dillard transphobic jazz,2
tlc derick dillard transphobic jazz jennings,2
tlc derick dillard transphobic jennings,2
tlc derick dillard comment,2
tlc derick dillard comment jazz,2
tlc derick dillard comment jazz jennings,2
tlc derick dillard comment jennings,2
tlc derick dillard jazz,2
tlc derick dillard jazz jennings,2
tlc derick dillard jennings,2
tlc derick transphobic,2
tlc derick transphobic comment,2
tlc derick transphobic comment jazz,2
tlc derick transphobic comment jazz jennings,2
tlc derick transphobic comment jennings,2
tlc derick transphobic jazz,2
tlc derick transphobic jazz jennings,2
tlc derick transphobic jennings,2
tlc derick comment,2
tlc derick comment jazz,2
tlc derick comment jazz jennings,2
tlc derick comment jennings,2
tlc derick jazz,2
tlc derick jazz jennings,2
tlc derick jennings,2
tlc dillard transphobic,2
tlc dillard transphobic comment,2
tlc dillard transphobic comment jazz,2
tlc dillard transphobic comment jazz jennings,2
tlc dillard transphobic comment jennings,2
tlc dillard transphobic jazz,2
tlc dillard transphobic jazz jennings,2
tlc dillard transphobic jennings,2
tlc dillard comment,2
tlc dillard comment jazz,2
tlc dillard comment jazz jennings,2
tlc dillard comment jennings,2
tlc dillard jazz,2
tlc dillard jazz jennings,2
tlc dillard jennings,2
tlc transphobic comment,2
tlc transphobic comment jazz,2
tlc transphobic comment jazz jennings,2
tlc transphobic comment jennings,2
tlc transphobic jazz,2
tlc transphobic jazz jennings,2
tlc transphobic jennings,2
tlc comment jazz,2
tlc comment jazz jennings,2
tlc comment jennings,2
tlc jazz jennings,2
cut tie derick,2
cut tie derick dillard,2
cut tie derick dillard transphobic,2
cut tie derick dillard transphobic comment,2
cut tie derick dillard transphobic comment jazz,2
cut tie derick dillard transphobic comment jazz jennings,2
cut tie derick dillard transphobic comment jennings,2
cut tie derick dillard transphobic jazz,2
cut tie derick dillard transphobic jazz jennings,2
cut tie derick dillard transphobic jennings,2
cut tie derick dillard comment,2
cut tie derick dillard comment jazz,2
cut tie derick dillard comment jazz jennings,2
cut tie derick dillard comment jennings,2
cut tie derick dillard jazz,2
cut tie derick dillard jazz jennings,2
cut tie derick dillard jennings,2
cut tie derick transphobic,2
cut tie derick transphobic comment,2
cut tie derick transphobic comment jazz,2
cut tie derick transphobic comment jazz jennings,2
cut tie derick transphobic comment jennings,2
cut tie derick transphobic jazz,2
cut tie derick transphobic jazz jennings,2
cut tie derick transphobic jennings,2
cut tie derick comment,2
cut tie derick comment jazz,2
cut tie derick comment jazz jennings,2
cut tie derick comment jennings,2
cut tie derick jazz,2
cut tie derick jazz jennings,2
cut tie derick jennings,2
cut tie dillard,2
cut tie dillard transphobic,2
cut tie dillard transphobic comment,2
cut tie dillard transphobic comment jazz,2
cut tie dillard transphobic comment jazz jennings,2
cut tie dillard transphobic comment jennings,2
cut tie dillard transphobic jazz,2
cut tie dillard transphobic jazz jennings,2
cut tie dillard transphobic jennings,2
cut tie dillard comment,2
cut tie dillard comment jazz,2
cut tie dillard comment jazz jennings,2
cut tie dillard comment jennings,2
cut tie dillard jazz,2
cut tie dillard jazz jennings,2
cut tie dillard jennings,2
cut tie transphobic,2
cut tie transphobic comment,2
cut tie transphobic comment jazz,2
cut tie transphobic comment jazz jennings,2
cut tie transphobic comment jennings,2
cut tie transphobic jazz,2
cut tie transphobic jazz jennings,2
cut tie transphobic jennings,2
cut tie comment,2
cut tie comment jazz,2
cut tie comment jazz jennings,2
cut tie comment jennings,2
cut tie jazz,2
cut tie jazz jennings,2
cut tie jennings,2
cut derick dillard,2
cut derick dillard transphobic,2
cut derick dillard transphobic comment,2
cut derick dillard transphobic comment jazz,2
cut derick dillard transphobic comment jazz jennings,2
cut derick dillard transphobic comment jennings,2
cut derick dillard transphobic jazz,2
cut derick dillard transphobic jazz jennings,2
cut derick dillard transphobic jennings,2
cut derick dillard comment,2
cut derick dillard comment jazz,2
cut derick dillard comment jazz jennings,2
cut derick dillard comment jennings,2
cut derick dillard jazz,2
cut derick dillard jazz jennings,2
cut derick dillard jennings,2
cut derick transphobic,2
cut derick transphobic comment,2
cut derick transphobic comment jazz,2
cut derick transphobic comment jazz jennings,2
cut derick transphobic comment jennings,2
cut derick transphobic jazz,2
cut derick transphobic jazz jennings,2
cut derick transphobic jennings,2
cut derick comment,2
cut derick comment jazz,2
cut derick comment jazz jennings,2
cut derick comment jennings,2
cut derick jazz,2
cut derick jazz jennings,2
cut derick jennings,2
cut dillard transphobic,2
cut dillard transphobic comment,2
cut dillard transphobic comment jazz,2
cut dillard transphobic comment jazz jennings,2
cut dillard transphobic comment jennings,2
cut dillard transphobic jazz,2
cut dillard transphobic jazz jennings,2
cut dillard transphobic jennings,2
cut dillard comment,2
cut dillard comment jazz,2
cut dillard comment jazz jennings,2
cut dillard comment jennings,2
cut dillard jazz,2
cut dillard jazz jennings,2
cut dillard jennings,2
cut transphobic comment,2
cut transphobic comment jazz,2
cut transphobic comment jazz jennings,2
cut transphobic comment jennings,2
cut transphobic jazz,2
cut transphobic jazz jennings,2
cut transphobic jennings,2
cut comment jazz,2
cut comment jazz jennings,2
cut comment jennings,2
cut jazz jennings,2
tie derick dillard,2
tie derick dillard transphobic,2
tie derick dillard transphobic comment,2
tie derick dillard transphobic comment jazz,2
tie derick dillard transphobic comment jazz jennings,2
tie derick dillard transphobic comment jennings,2
tie derick dillard transphobic jazz,2
tie derick dillard transphobic jazz jennings,2
tie derick dillard transphobic jennings,2
tie derick dillard comment,2
tie derick dillard comment jazz,2
tie derick dillard comment jazz jennings,2
tie derick dillard comment jennings,2
tie derick dillard jazz,2
tie derick dillard jazz jennings,2
tie derick dillard jennings,2
tie derick transphobic,2
tie derick transphobic comment,2
tie derick transphobic comment jazz,2
tie derick transphobic comment jazz jennings,2
tie derick transphobic comment jennings,2
tie derick transphobic jazz,2
tie derick transphobic jazz jennings,2
tie derick transphobic jennings,2
tie derick comment,2
tie derick comment jazz,2
tie derick comment jazz jennings,2
tie derick comment jennings,2
tie derick jazz,2
tie derick jazz jennings,2
tie derick jennings,2
tie dillard transphobic,2
tie dillard transphobic comment,2
tie dillard transphobic comment jazz,2
tie dillard transphobic comment jazz jennings,2
tie dillard transphobic comment jennings,2
tie dillard transphobic jazz,2
tie dillard transphobic jazz jennings,2
tie dillard transphobic jennings,2
tie dillard comment,2
tie dillard comment jazz,2
tie dillard comment jazz jennings,2
tie dillard comment jennings,2
tie dillard jazz,2
tie dillard jazz jennings,2
tie dillard jennings,2
tie transphobic comment,2
tie transphobic comment jazz,2
tie transphobic comment jazz jennings,2
tie transphobic comment jennings,2
tie transphobic jazz,2
tie transphobic jazz jennings,2
tie transphobic jennings,2
tie comment jazz,2
tie comment jazz jennings,2
tie comment jennings,2
tie jazz jennings,2
derick dillard transphobic,2
derick dillard transphobic comment,2
derick dillard transphobic comment jazz,2
derick dillard transphobic comment jazz jennings,2
derick dillard transphobic comment jennings,2
derick dillard transphobic jazz,2
derick dillard transphobic jazz jennings,2
derick dillard transphobic jennings,2
derick dillard comment,2
derick dillard comment jazz,2
derick dillard comment jazz jennings,2
derick dillard comment jennings,2
derick dillard jazz,2
derick dillard jazz jennings,2
derick dillard jennings,2
derick transphobic comment,2
derick transphobic comment jazz,2
derick transphobic comment jazz jennings,2
derick transphobic comment jennings,2
derick transphobic jazz,2
derick transphobic jazz jennings,2
derick transphobic jennings,2
derick comment jazz,2
derick comment jazz jennings,2
derick comment jennings,2
derick jazz jennings,2
dillard transphobic comment,2
dillard transphobic comment jazz,2
dillard transphobic comment jazz jennings,2
dillard transphobic comment jennings,2
dillard transphobic jazz,2
dillard transphobic jazz jennings,2
dillard transphobic jennings,2
dillard comment jazz,2
dillard comment jazz jennings,2
dillard comment jennings,2
dillard jazz jennings,2
transphobic comment jazz,2
transphobic comment jazz jennings,2
transphobic comment jennings,2
transphobic jazz jennings,2
comment jazz jennings,2
horror story cult,2
birth first child,2
luann de lesseps,2
ranked worst best,2
cardi b first,2
