reuters u said,367
reuters said said,358
u said said,322
president donald trump,320
reuters president trump,316
reuters donald trump,316
reuters u said said,315
washington reuters said,308
washington reuters u,307
reuters u trump,305
reuters president donald,300
reuters president donald trump,300
washington u said,295
u president trump,288
reuters trump said,288
washington said said,286
said said said,285
reuters said said said,282
reuters u president,280
reuters said trump,280
reuters president said,279
reuters u u,277
washington reuters u said,273
u donald trump,270
reuters u house,270
reuters u would,269
reuters trump trump,269
president trump said,268
reuters president trump said,267
reuters u republican,265
donald trump said,265
washington reuters said said,264
reuters donald trump said,264
reuters donald said,264
reuters said would,263
u u said,262
u trump said,260
u president donald,258
u president donald trump,258
reuters u president trump,258
reuters said u,258
u said said said,254
reuters house said,254
president donald trump said,253
president donald said,253
donald trump trump,253
u said trump,252
reuters u trump said,252
reuters president donald trump said,252
reuters president donald said,252
president trump trump,252
washington u said said,251
reuters republican said,250
u trump trump,248
reuters u said trump,248
reuters donald trump trump,248
reuters u said said said,247
reuters president trump trump,247
reuters would said,247
washington reuters trump,243
u president said,242
reuters said republican,241
president donald trump trump,241
washington reuters house,240
reuters trump u,239
trump said said,239
reuters u trump trump,238
washington president trump,237
trump trump said,237
washington reuters president,236
reuters president donald trump trump,236
u said would,235
trump u trump,235
trump trump trump,234
washington reuters u said said,233
reuters trump said said,233
reuters said trump said,233
said trump said,233
reuters president u,232
trump president trump,232
washington u trump,231
reuters u president said,231
reuters said house,231
u said u,230
reuters u donald,230
reuters u donald trump,230
reuters u said would,230
donald trump u,230
washington donald trump,228
reuters u u said,228
president trump u,228
president said said,228
washington reuters republican,227
reuters president said said,227
washington trump said,226
reuters said president,226
u republican said,225
u president trump said,225
u would said,225
washington reuters president trump,225
u u trump,224
u trump u,224
u house said,223
said said said said,223
washington u house,222
washington reuters donald,222
washington reuters donald trump,222
reuters republican republican,222
reuters donald u,222
reuters donald trump u,222
reuters said said said said,222
trump u said,222
said said trump,222
washington said said said,221
reuters u said u,221
reuters u would said,221
reuters president trump u,221
reuters said said trump,221
said would said,221
reuters said would said,220
reuters u president donald,219
reuters u president donald trump,219
president donald u,219
president donald trump u,219
washington reuters would,218
reuters donald trump said said,218
reuters donald said said,218
donald trump said said,218
donald said said,218
said u said,218
reuters u republican said,217
reuters house trump,217
reuters said u said,217
washington reuters u trump,216
washington president donald,216
washington president donald trump,216
reuters u house said,216
reuters republican trump,216
reuters trump house,216
reuters house house,216
u said republican,215
washington said trump,215
reuters u president trump said,215
reuters president trump said said,215
president trump said said,215
washington house said,214
trump said trump,214
u u said said,213
reuters u year,213
u president trump trump,212
washington reuters u house,212
reuters president donald u,212
reuters president donald trump u,212
house said said,212
washington reuters president donald,211
washington reuters president donald trump,211
washington president said,211
washington trump trump,211
u u u,210
u donald trump said,210
u donald said,210
washington reuters trump said,210
reuters u trump u,210
reuters u said republican,210
reuters u state,210
reuters republican u,210
reuters president house,210
reuters house said said,210
republican said said,209
washington u republican,209
reuters trump trump said,209
said said would,209
washington republican said,208
reuters republican said said,208
reuters trump said trump,208
trump trump u,208
u trump said said,207
u said trump said,207
washington u would,207
reuters u also,207
reuters president donald trump said said,207
reuters president donald said said,207
reuters said said would,207
president donald trump said said,207
president donald said said,207
u u would,206
reuters u senate,206
said republican said,206
washington u u,205
washington said would,205
reuters u said trump said,205
reuters trump republican,205
reuters said republican said,205
said said u,205
u said said said said,204
washington reuters house said,204
washington reuters said said said,204
reuters said said u,204
u president u,203
washington president trump said,203
reuters trump would,203
president trump house,203
donald trump house,203
reuters u trump said said,202
reuters president would,202
washington u president,201
washington reuters u republican,201
washington reuters president said,201
reuters u u trump,201
reuters trump trump trump,201
u president donald trump said,200
u president donald said,200
u house house,200
u said president,200
washington reuters said trump,200
reuters u said said said said,200
reuters republican would,200
reuters president trump house,200
reuters donald trump house,200
reuters donald house,200
u donald trump trump,199
president trump would,199
president said trump,199
donald trump republican,199
u republican republican,198
washington reuters republican said,198
washington reuters trump trump,198
reuters president republican,198
trump said said said,198
u said house,197
reuters republican house,197
reuters president said trump,197
reuters trump u said,197
reuters house would,197
reuters said trump trump,197
trump president said,197
said trump trump,197
president trump republican,196
donald trump would,196
u said said trump,195
u said would said,195
washington reuters u would,195
u house trump,194
washington u trump said,194
washington u said said said,194
washington reuters said would,194
reuters u president trump trump,194
reuters trump said said said,194
trump u u,194
trump trump said said,194
said house said,194
u republican trump,193
washington u said trump,193
washington reuters u president,193
washington donald trump said,193
washington donald said,193
washington said republican,193
washington said house,193
reuters u said president,193
reuters donald republican,193
reuters donald trump republican,193
reuters donald trump trump said,193
reuters said president trump,193
reuters would would,193
donald trump trump said,193
said president trump,193
u trump trump said,192
u trump would,192
washington reuters president trump said,192
washington said u,192
reuters president trump trump said,192
reuters house republican,192
reuters said also,192
reuters said house said,192
president donald trump house,192
president donald trump would,192
president donald house,192
president donald would,192
president trump trump said,192
president trump said trump,192
donald trump trump trump,192
donald said trump,192
would said said,192
u president trump u,191
u trump trump trump,191
reuters u donald trump said,191
reuters u donald said,191
reuters u said said trump,191
reuters u said would said,191
reuters president u said,191
reuters president trump said trump,191
reuters donald said trump,191
president u said,191
donald trump said trump,191
house house said,191
u president donald trump trump,190
republican republican said,190
reuters u said house,190
reuters president trump republican,190
reuters president trump would,190
reuters president said said said,190
reuters donald trump said trump,190
reuters would said said,190
president said said said,190
trump reuters trump,190
u president said said,189
u trump said trump,189
washington would said,189
reuters u house trump,189
reuters president donald trump house,189
reuters president donald house,189
reuters donald trump trump trump,189
reuters state said,189
president trump trump trump,189
u trump house,188
u said u said,188
republican u said,188
washington reuters donald trump said,188
washington reuters donald said,188
reuters u republican trump,188
reuters u trump trump said,188
trump u president,188
trump trump trump said,188
trump said u,188
u trump republican,187
washington reuters said republican,187
reuters u house house,187
reuters donald trump would,187
reuters donald would,187
reuters said year,187
president donald republican,187
president donald trump republican,187
u reuters said,186
u said said u,186
u said said would,186
washington reuters u u,186
washington reuters said house,186
washington president trump trump,186
reuters u president u,186
reuters president trump trump trump,186
reuters said president said,186
donald u said,186
donald trump u said,186
trump reuters u,186
said president said,186
u house said said,185
u said republican said,185
washington u president trump,185
reuters u u u,185
reuters u republican republican,185
reuters donald u said,185
reuters donald trump u said,185
said said said said said,185
u u republican,184
u republican said said,184
washington reuters senate,184
reuters president donald trump trump said,184
reuters president trump u said,184
reuters trump u trump,184
reuters said said said said said,184
president donald trump trump said,184
president trump u said,184
trump u trump said,184
u donald u,183
u donald trump u,183
washington president donald trump said,183
washington president donald said,183
washington donald trump trump,183
reuters u trump trump trump,183
reuters u trump said trump,183
reuters u said said u,183
reuters u said said would,183
reuters president donald trump would,183
reuters president donald would,183
reuters trump said u,183
reuters year said,183
reuters would trump,183
president donald trump said trump,183
president donald said trump,183
trump u trump trump,183
trump donald trump,183
u reuters u,182
reuters u president donald trump said,182
reuters u president donald said,182
reuters republican republican said,182
reuters president donald trump said trump,182
reuters president donald said trump,182
reuters trump president,182
reuters house representative,182
reuters said state,182
said trump said said,182
u republican would,181
u president would,181
u would would,181
washington u trump trump,181
washington u house said,181
washington reuters u trump said,181
washington reuters u said said said,181
washington said trump said,181
reuters u representative,181
reuters u said republican said,181
reuters republican president,181
reuters president donald republican,181
reuters president donald trump republican,181
reuters said trump said said,181
reuters would u,181
donald trump said said said,181
donald said said said,181
trump reuters said,181
trump said trump said,181
washington reuters u said trump,180
reuters u u said said,180
reuters u president said said,180
reuters u trump would,180
reuters u said u said,180
reuters president trump said said said,180
reuters donald trump said said said,180
reuters donald said said said,180
president donald trump trump trump,180
president trump said said said,180
trump president trump trump,180
trump president trump said,180
u u house,179
u republican u,179
washington u said would,179
washington republican republican,179
washington reuters president donald trump said,179
washington reuters president donald said,179
washington reuters donald trump trump,179
reuters u house said said,179
reuters republican senate,179
reuters trump trump u,179
reuters senate said,179
trump u said said,179
said u trump,179
said said trump said,179
u u trump said,178
u said also,178
washington reuters president trump trump,178
washington reuters would said,178
washington trump said said,178
reuters u republican said said,178
reuters president donald u said,178
reuters president donald trump u said,178
reuters said u trump,178
president donald u said,178
president donald trump u said,178
president said u,178
trump trump trump trump,178
trump trump said trump,178
u president house,177
u house would,177
washington u republican said,177
washington reuters u president trump,177
reuters u trump republican,177
reuters president donald trump trump trump,177
reuters president said u,177
reuters trump state,177
reuters house u,177
reuters said said trump said,177
reuters said said house,177
reuters said senate,177
said said republican,177
said said house,177
u president trump said said,176
u trump u said,176
washington trump u,176
reuters u u would,176
reuters u congress,176
reuters u donald trump trump,176
reuters u trump house,176
reuters also said,176
reuters said said republican,176
president u trump,176
u president donald u,175
u president donald trump u,175
u house republican,175
u said trump trump,175
washington republican said said,175
reuters u would would,175
reuters president u trump,175
reuters trump year,175
trump trump house,175
trump trump would,175
u u said trump,174
u trump said said said,174
u would said said,174
u state said,174
washington reuters u house said,174
washington reuters said u,174
washington house house,174
washington house said said,174
washington said said trump,174
washington said said said said,174
reuters u president trump u,174
reuters u said trump trump,174
reuters republican u said,174
reuters trump also,174
donald u trump,174
said said said trump,174
said said would said,174
u u said said said,173
reuters u house would,173
reuters u said also,173
reuters president president,173
reuters president donald trump said said said,173
reuters president donald said said said,173
reuters trump said trump said,173
reuters said said said trump,173
president donald trump said said said,173
president donald said said said,173
president trump said u,173
donald trump u trump,173
donald trump said u,173
donald said u,173
trump trump republican,173
u u president,172
u president republican,172
republican said republican,172
washington u u said,172
washington u said republican,172
washington u senate,172
washington reuters u republican said,172
washington reuters u trump trump,172
washington president donald trump trump,172
washington house trump,172
reuters president trump said u,172
reuters president year,172
reuters donald u trump,172
reuters said said would said,172
reuters white house,172
trump president donald,172
trump president donald trump,172
trump said said trump,172
said would said said,172
republican said trump,171
washington reuters republican republican,171
washington said president,171
reuters u state said,171
reuters donald trump u trump,171
reuters donald trump said u,171
reuters donald said u,171
reuters said would said said,171
president trump u trump,171
trump u president trump,171
trump house said,171
trump said would,171
u republican house,170
u donald trump said said,170
u donald said said,170
u trump state,170
u house representative,170
u year said,170
u would u,170
washington reuters u said would,170
washington reuters house house,170
washington president said said,170
washington trump house,170
reuters u republican would,170
reuters u would said said,170
reuters republican said republican,170
reuters republican said trump,170
reuters president trump u trump,170
reuters house house said,170
reuters would republican,170
president trump year,170
trump said house,170
said u said said,170
u u u said,169
u u trump trump,169
u house u,169
republican said said said,169
washington u president said,169
washington reuters president donald trump trump,169
reuters u trump u said,169
reuters trump house said,169
reuters said u said said,169
donald trump trump u,169
trump u would,169
trump trump u said,169
house said trump,169
said trump trump said,169
u president said trump,168
u also said,168
washington reuters trump said said,168
washington trump trump said,168
washington said republican said,168
reuters u trump said said said,168
reuters republican said said said,168
reuters trump trump trump said,168
reuters trump trump said said,168
reuters house said trump,168
reuters said trump u,168
reuters said trump trump said,168
reuters would house,168
president house said,168
president said trump said,168
donald trump president,168
trump president u,168
trump would said,168
said trump u,168
u trump u trump,167
u said president trump,167
u said said said said said,167
u said year,167
republican trump said,167
washington u would said,167
washington reuters house said said,167
washington reuters said trump said,167
reuters u president donald trump trump,167
reuters u president trump said said,167
reuters president house said,167
reuters president said trump said,167
reuters president state,167
reuters donald trump trump u,167
reuters trump would said,167
reuters said republican trump,167
president trump trump u,167
donald trump year,167
trump reuters president,167
trump said said said said,167
house u said,167
said republican trump,167
u president trump would,166
u trump president,166
u trump trump u,166
u said trump said said,166
u would trump,166
republican republican republican,166
washington reuters u said republican,166
washington reuters u senate,166
washington reuters republican said said,166
washington reuters house trump,166
washington house would,166
reuters u also said,166
reuters u house republican,166
reuters trump said house,166
reuters trump said said trump,166
reuters trump said would,166
president donald trump said u,166
president donald said u,166
president trump president,166
president said would,166
donald trump state,166
house trump said,166
house said house,166
u trump year,165
u said state,165
washington republican trump,165
washington reuters also,165
washington reuters said president,165
washington president u,165
washington said would said,165
reuters u president would,165
reuters u house representative,165
reuters u year said,165
reuters republican trump said,165
reuters president donald trump said u,165
reuters president donald said u,165
reuters president trump trump u,165
reuters president also,165
reuters president said would,165
reuters trump u u,165
reuters trump said said said said,165
trump u trump u,165
trump republican said,165
said said u said,165
u u said would,164
u trump said u,164
u said house said,164
u senate said,164
washington u said u,164
washington said u said,164
reuters u republican u,164
reuters u would trump,164
reuters donald president,164
reuters said said u said,164
reuters senate republican,164
president donald u trump,164
president donald trump u trump,164
president trump state,164
trump reuters trump trump,164
house said said said,164
u u said u,163
u u would said,163
u president trump republican,163
u president trump house,163
u said president said,163
washington u also,163
washington reuters u president said,163
washington reuters representative,163
washington reuters trump house,163
washington reuters said said trump,163
washington president house,163
reuters u u trump said,163
reuters u president house,163
reuters u said president trump,163
reuters u said trump said said,163
reuters u said said said said said,163
reuters u week,163
reuters president donald u trump,163
reuters president donald trump u trump,163
reuters president trump year,163
reuters president would said,163
reuters donald trump president,163
reuters trump republican said,163
reuters house president,163
reuters house trump said,163
reuters said president trump said,163
president would said,163
trump u said trump,163
trump reuters trump said,163
trump house trump,163
said president trump said,163
said said said would,163
u reuters said said,162
u house house said,162
washington republican house,162
washington reuters president said said,162
washington reuters said republican said,162
washington reuters said said said said,162
washington reuters year,162
washington trump said trump,162
reuters u said year,162
reuters u one,162
reuters president trump president,162
reuters president said said said said,162
reuters trump trump trump trump,162
reuters house said house,162
reuters said said said would,162
president said house,162
president said said said said,162
donald trump also,162
trump republican trump,162
trump reuters u trump,162
trump trump u trump,162
trump said trump trump,162
house house house,162
house said would,162
u president donald trump said said,161
u president donald said said,161
u said said trump said,161
republican president trump,161
republican would said,161
washington republican u,161
washington president trump said said,161
reuters u bill,161
reuters president said house,161
reuters president said said trump,161
reuters donald trump state,161
reuters donald state,161
reuters house said said said,161
president said said trump,161
trump reuters president trump,161
trump trump said said said,161
said said also,161
u u state,160
u republican republican said,160
u president said said said,160
washington u said house,160
washington u year,160
washington reuters president house,160
washington reuters trump u,160
washington said house said,160
reuters u trump state,160
reuters u would u,160
reuters president trump state,160
reuters donald trump also,160
reuters donald also,160
reuters trump republican trump,160
reuters trump house trump,160
reuters house said would,160
reuters said said also,160
reuters said one,160
president trump also,160
donald trump trump said said,160
trump u republican,160
house republican said,160
u president u said,159
u president trump trump said,159
u president trump said trump,159
u trump trump trump said,159
u trump also,159
u said senate,159
u would republican,159
republican trump trump,159
washington u donald,159
washington u donald trump,159
washington u said trump said,159
washington reuters u would said,159
washington house representative,159
washington said said would,159
reuters u republican house,159
reuters u trump said u,159
reuters u said state,159
reuters republican would said,159
reuters president trump said trump said,159
reuters donald trump trump said said,159
reuters donald trump year,159
reuters donald said trump said,159
reuters donald year,159
president u u,159
president donald president,159
president donald trump president,159
president donald trump trump u,159
president donald trump year,159
president donald year,159
president trump said trump said,159
president trump said would,159
donald trump trump trump said,159
donald said trump said,159
trump u u said,159
trump u house,159
u republican senate,158
u said said republican,158
republican u republican,158
republican house said,158
republican said would,158
washington reuters republican trump,158
washington reuters state,158
washington donald trump said said,158
washington donald said said,158
washington trump trump trump,158
reuters u u republican,158
reuters u president said trump,158
reuters u donald u,158
reuters u donald trump u,158
reuters u said house said,158
reuters u said said trump said,158
reuters u senate said,158
reuters republican president trump,158
reuters president u u,158
reuters president trump trump said said,158
reuters president trump also,158
reuters president trump said would,158
reuters donald trump trump trump said,158
reuters donald trump house said,158
reuters donald trump said trump said,158
reuters donald house said,158
president republican trump,158
president republican said,158
president trump trump said said,158
president house trump,158
donald trump house said,158
donald trump said trump said,158
donald house said,158
trump president trump u,158
trump president said said,158
said said said u,158
u donald trump would,157
u donald would,157
washington reuters u u said,157
washington reuters u donald,157
washington reuters u donald trump,157
washington president trump u,157
washington said trump trump,157
washington said also,157
reuters u president republican,157
reuters u trump u trump,157
reuters u house u,157
reuters u said president said,157
reuters republican also,157
reuters president republican said,157
reuters president donald trump trump u,157
reuters president trump house said,157
reuters president house trump,157
reuters said said said u,157
president donald trump state,157
president donald state,157
president trump trump trump said,157
president trump house said,157
trump washington trump,157
trump said u said,157
house would said,157
said republican republican,157
said also said,157
said said president,157
u republican president,156
u donald republican,156
u donald trump republican,156
u trump trump said said,156
u said u trump,156
u said said said trump,156
republican republican trump,156
washington u state,156
washington reuters trump trump said,156
washington reuters house would,156
reuters u trump trump u,156
reuters republican trump trump,156
reuters congress said,156
reuters representative said,156
reuters president republican trump,156
reuters president trump trump trump said,156
reuters house would said,156
reuters said republican republican,156
reuters said also said,156
reuters said said president,156
reuters said said trump trump,156
reuters state trump,156
donald u u,156
donald trump u u,156
donald said said trump,156
trump said republican,156
said u u,156
said republican said said,156
said house trump,156
said said trump trump,156
said state said,156
u trump said trump said,155
washington u president trump said,155
washington republican would,155
washington reuters republican house,155
washington reuters said would said,155
reuters republican said would,155
reuters republican year,155
reuters president donald president,155
reuters president donald trump president,155
reuters donald u u,155
reuters donald trump u u,155
reuters donald said said trump,155
reuters said republican said said,155
reuters said house trump,155
reuters said would trump,155
reuters said state said,155
president donald trump also,155
president donald also,155
president trump u u,155
president trump said house,155
donald trump trump trump trump,155
donald trump said said trump,155
donald trump said would,155
donald said would,155
trump trump trump u,155
trump trump said trump said,155
said said republican said,155
said would trump,155
u u year,154
u said would said said,154
u senate republican,154
washington reuters republican u,154
washington reuters congress,154
washington reuters president u,154
washington reuters donald trump said said,154
washington reuters donald said said,154
washington reuters trump said trump,154
washington reuters house representative,154
washington trump republican,154
washington house republican,154
reuters u u said trump,154
reuters u donald trump said said,154
reuters u donald said said,154
reuters u trump trump trump said,154
reuters u would republican,154
reuters republican house said,154
reuters president trump u u,154
reuters president trump said house,154
reuters president trump said said trump,154
reuters president trump would said,154
reuters donald trump trump trump trump,154
reuters donald trump said said trump,154
reuters donald trump said would,154
reuters donald said would,154
reuters trump u said said,154
reuters trump said republican,154
reuters trump said trump trump,154
reuters house year,154
reuters said u u,154
reuters said trump trump trump,154
reuters said said republican said,154
reuters year u,154
president trump republican trump,154
president trump said said trump,154
president trump would said,154
donald republican trump,154
trump u u trump,154
trump reuters said said,154
house house trump,154
said trump trump trump,154
said would would,154
would said would,154
u u trump u,153
u u also,153
u president donald trump would,153
u president donald would,153
u president trump trump trump,153
u president state,153
u donald trump house,153
u donald house,153
u said said would said,153
u would house,153
washington u house house,153
washington u said said said said,153
washington reuters u said house,153
washington president trump house,153
washington president said trump,153
reuters u trump trump said said,153
reuters u trump also,153
reuters u trump said trump said,153
reuters u said said said trump,153
reuters u said senate,153
reuters u told,153
reuters president donald trump also,153
reuters president donald also,153
reuters president trump said said said said,153
reuters donald trump said said said said,153
reuters donald said said said said,153
reuters said would would,153
reuters year trump,153
reuters one said,153
reuters week said,153
president donald trump said would,153
president donald said would,153
president trump said said said said,153
donald republican said,153
donald trump republican trump,153
donald trump republican said,153
donald trump said said said said,153
donald said said said said,153
trump trump president,153
trump trump said u,153
house trump trump,153
u said said said would,152
u white house,152
republican republican said said,152
washington republican republican said,152
washington reuters u also,152
washington reuters president trump said said,152
washington reuters said house said,152
washington trump would,152
washington said senate,152
washington senate said,152
reuters u republican republican said,152
reuters u trump president,152
reuters u house house said,152
reuters u said said republican,152
reuters republican republican republican,152
reuters president donald trump trump said said,152
reuters president donald trump said would,152
reuters president donald trump state,152
reuters president donald said would,152
reuters president donald state,152
reuters president trump republican trump,152
reuters donald republican trump,152
reuters donald republican said,152
reuters donald trump republican said,152
reuters donald trump would said,152
reuters donald would said,152
reuters house republican said,152
reuters said trump republican,152
reuters said trump house,152
reuters said trump said trump,152
reuters would said would,152
president donald trump trump said said,152
president trump republican said,152
president trump trump trump trump,152
donald trump would said,152
donald would said,152
trump reuters u said,152
trump reuters donald,152
trump reuters donald trump,152
house house said said,152
said trump republican,152
said trump house,152
said trump said trump,152
u u u trump,151
u reuters trump,151
u president president,151
u president trump u said,151
u president said u,151
u president year,151
u said trump u,151
u said trump trump said,151
u said said house,151
republican u trump,151
republican republican house,151
republican republican would,151
washington u representative,151
washington u president donald,151
washington u president donald trump,151
washington reuters republican would,151
washington reuters president trump house,151
washington reuters house republican,151
washington donald u,151
washington donald trump u,151
washington donald trump house,151
washington donald house,151
washington said said u,151
reuters u president donald u,151
reuters u president donald trump u,151
reuters u president trump trump said,151
reuters u president trump would,151
reuters u said said would said,151
reuters president u said said,151
reuters president donald trump said trump said,151
reuters president donald trump year,151
reuters president donald said trump said,151
reuters president donald year,151
reuters president trump republican said,151
reuters president trump trump trump trump,151
reuters donald trump republican trump,151
reuters donald house trump,151
reuters trump said u said,151
reuters house also,151
reuters senate senate,151
president u said said,151
president donald u u,151
president donald trump u u,151
president donald trump said trump said,151
president donald said trump said,151
donald trump said house,151
donald house trump,151
donald said house,151
trump said said u,151
said said year,151
u president trump said said said,150
u donald trump trump said,150
u donald said trump,150
u trump said would,150
washington u trump said said,150
washington reuters trump trump trump,150
washington reuters said said would,150
reuters u president u said,150
reuters u president said said said,150
reuters u trump year,150
reuters u said u trump,150
reuters u said would said said,150
reuters u could,150
reuters president donald u u,150
reuters president donald trump u u,150
reuters president donald trump house said,150
reuters president donald house said,150
reuters donald trump house trump,150
reuters donald trump said house,150
reuters donald said house,150
reuters trump trump republican,150
reuters house senate,150
reuters said said year,150
reuters would year,150
president donald trump trump trump said,150
president donald trump house said,150
president donald house said,150
president said republican,150
president said trump trump,150
donald trump house trump,150
trump president said trump,150
house said republican,150
said u would,150
said house said said,150
said year said,150
would said said said,150
u republican said said said,149
u donald trump said trump,149
u said u said said,149
u said said u said,149
u said said also,149
republican u said said,149
republican republican senate,149
washington u house trump,149
washington u said republican said,149
washington u said said trump,149
washington reuters u president donald,149
washington reuters u president donald trump,149
washington reuters u president trump said,149
washington reuters donald trump house,149
washington reuters donald house,149
washington reuters trump republican,149
washington president republican,149
washington president donald trump said said,149
washington president donald said said,149
reuters u president trump house,149
reuters u said trump trump said,149
reuters u would house,149
reuters u senate republican,149
reuters president donald trump trump trump said,149
reuters president donald trump would said,149
reuters president donald would said,149
reuters president trump house trump,149
reuters president said republican,149
reuters president said trump trump,149
reuters trump u trump said,149
reuters trump trump said trump,149
reuters said u would,149
reuters said year said,149
president donald trump would said,149
president donald would said,149
president trump house trump,149
trump washington said,149
trump house house,149
trump said trump said said,149
trump white house,149
would would said,149
u u republican said,148
u u president trump,148
u u trump said said,148
u republican said trump,148
u president donald republican,148
u president donald trump republican,148
u trump would said,148
republican u would,148
republican republican u,148
republican said republican said,148
washington u republican republican,148
washington republican senate,148
washington reuters u house house,148
washington reuters u said u,148
washington reuters said u said,148
washington president would,148
washington trump u said,148
washington trump said said said,148
washington would would,148
reuters u u trump trump,148
reuters u federal,148
reuters u president trump republican,148
reuters u president trump said trump,148
reuters trump trump house,148
reuters trump white,148
reuters said trump would,148
reuters said house said said,148
reuters said said house said,148
reuters said week,148
reuters white said,148
trump trump state,148
trump said president,148
house u house,148
said u trump said,148
said trump would,148
said house house,148
said said house said,148
said said said republican,148
state said said,148
senate said said,148
u u u u,147
u republican also,147
u washington said,147
u trump u u,147
u trump trump trump trump,147
u trump said said trump,147
u house said trump,147
republican u u,147
washington u trump u,147
washington reuters u representative,147
washington reuters u said trump said,147
washington reuters u year,147
washington reuters president trump u,147
washington reuters said senate,147
washington president trump trump said,147
reuters u u house,147
reuters u republican senate,147
reuters u said trump u,147
reuters republican republican trump,147
reuters republican said republican said,147
reuters president donald trump said said trump,147
reuters president donald said said trump,147
reuters trump white house,147
reuters democrat said,147
reuters house trump trump,147
reuters house said republican,147
reuters said u trump said,147
reuters year republican,147
reuters would said said said,147
reuters white house said,147
president donald trump said said trump,147
president donald said said trump,147
trump u trump trump said,147
trump washington u,147
trump donald trump trump,147
trump trump trump trump trump,147
trump trump trump trump said,147
trump trump trump said said,147
trump would trump,147
said said trump said said,147
white house said,147
u republican said republican,146
u reuters u said,146
u reuters would,146
u representative said,146
u president donald trump house,146
u president donald house,146
u donald u said,146
u donald trump u said,146
u trump republican said,146
u trump said said said said,146
u said republican trump,146
washington u house said said,146
washington reuters u said said said said,146
washington reuters republican republican said,146
washington reuters president republican,146
washington reuters president donald trump said said,146
washington reuters president donald said said,146
washington reuters donald u,146
washington reuters donald trump u,146
washington reuters said trump trump,146
washington reuters said also,146
washington reuters bill,146
washington reuters senate said,146
reuters u republican president,146
reuters u president donald trump said said,146
reuters u president donald said said,146
reuters u said said also,146
reuters u said said said would,146
reuters republican u trump,146
reuters president donald trump said said said said,146
reuters president donald said said said said,146
reuters president said u said,146
reuters trump u would,146
reuters said house house,146
reuters said said trump said said,146
reuters said said said republican,146
reuters said would u,146
reuters said told,146
reuters said could,146
reuters state said said,146
president donald republican trump,146
president donald trump republican trump,146
president donald trump trump trump trump,146
president donald trump said house,146
president donald trump said said said said,146
president donald said house,146
president donald said said said said,146
president said u said,146
president white house,146
donald u said said,146
donald trump u said said,146
donald trump said trump trump,146
donald said trump trump,146
trump u trump trump trump,146
trump u trump said said,146
trump said would said,146
trump state said,146
said said state,146
said would u,146
u u said trump said,145
u republican trump said,145
u republican would said,145
u president u trump,145
u president trump said u,145
u house president,145
u house trump said,145
u said would would,145
u year u,145
washington u said president,145
washington reuters u said republican said,145
washington president trump said trump,145
washington also said,145
washington said president trump,145
reuters u trump said would,145
reuters u trump would said,145
reuters u said republican trump,145
reuters u said said u said,145
reuters u said said house,145
reuters u white,145
reuters republican state,145
reuters president u would,145
reuters president donald trump trump trump trump,145
reuters president donald trump said house,145
reuters president donald said house,145
reuters president trump u said said,145
reuters president white,145
reuters donald u said said,145
reuters donald trump u said said,145
reuters donald trump said trump trump,145
reuters donald said trump trump,145
reuters trump trump would,145
reuters would also,145
reuters would would said,145
reuters state u,145
reuters senate trump,145
president u would,145
president donald republican said,145
president donald trump republican said,145
president trump u said said,145
said said said said said said,145
year said said,145
u congress said,144
u president trump year,144
u president trump state,144
u donald trump trump trump,144
u said also said,144
republican said u,144
washington u trump trump said,144
washington reuters u republican republican,144
washington reuters u house trump,144
washington reuters u state,144
washington reuters president said trump,144
washington donald trump trump said,144
washington said year,144
washington year said,144
washington state said,144
reuters u u u said,144
reuters u u said u,144
reuters u republican said trump,144
reuters u republican said said said,144
reuters u white house,144
reuters u last,144
reuters republican said u,144
reuters president donald republican trump,144
reuters president donald republican said,144
reuters president donald trump republican trump,144
reuters president donald trump republican said,144
reuters president trump said trump trump,144
reuters president white house,144
reuters trump trump u said,144
reuters trump said trump said said,144
reuters trump said said u,144
reuters said trump president,144
reuters said said said said said said,144
reuters said said state,144
reuters senate said said,144
reuters told said,144
president trump said trump trump,144
trump u said u,144
trump u state,144
trump reuters said trump,144
trump president trump said said,144
trump president house,144
trump trump also,144
trump said said trump said,144
said trump president,144
u u house said,143
u republican u said,143
u president donald trump said trump,143
u president donald said trump,143
u donald trump said said said,143
u donald said said said,143
u trump republican trump,143
u house said said said,143
u house would said,143
u said said trump trump,143
republican trump republican,143
washington u republican trump,143
washington u republican said said,143
washington reuters would would,143
washington reuters week,143
washington president donald trump house,143
washington president donald house,143
washington president trump trump trump,143
washington president said said said,143
washington house house said,143
washington said said republican,143
washington said said house,143
reuters u president said u,143
reuters u president state,143
reuters u house said trump,143
reuters u senator,143
reuters republican bill,143
reuters president donald trump house trump,143
reuters president donald house trump,143
reuters president senate,143
reuters trump president trump,143
reuters trump said president,143
reuters trump would trump,143
reuters said congress,143
reuters said president said said,143
reuters said said said trump said,143
reuters year said said,143
president donald trump house trump,143
president donald house trump,143
president trump said republican,143
president house house,143
trump republican republican,143
trump reuters president donald,143
trump reuters president donald trump,143
trump president trump trump trump,143
house representative said,143
said republican would,143
said president said said,143
said said said trump said,143
