trump trump trump ,143
trump trump trump trump ,129
trump trump trump trump trump ,119
donald trump trump ,119
trump donald trump ,113
donald trump trump trump ,106
trump donald trump trump ,102
trump trump trump trump trump trump ,101
donald trump trump trump trump ,97
trump trump trump trump trump trump trump ,92
trump donald trump trump trump ,92
donald trump trump trump trump trump ,90
one one one ,87
trump trump donald ,87
trump trump donald trump ,87
trump president trump ,86
trump one trump ,85
trump said trump ,84
trump donald trump trump trump trump ,84
trump trump would ,83
president trump trump ,82
trump trump president ,82
one trump trump ,81
trump would trump ,81
trump trump one ,81
trump trump said ,81
one one would ,80
said said said ,80
hillary hillary clinton ,80
trump trump people ,79
people people people ,78
trump trump donald trump trump ,78
would trump trump ,77
trump people trump ,77
donald trump trump trump trump trump trump ,77
hillary clinton clinton ,77
trump like trump ,76
trump trump trump trump trump trump trump trump ,76
u u u ,75
trump trump time ,75
donald trump said ,75
said trump trump ,74
trump trump image ,74
trump time trump ,73
trump president trump trump ,73
trump trump president trump ,73
trump trump via ,73
would would would ,72
president trump trump trump ,72
trump trump trump president ,72
donald trump would ,72
featured image via ,72
trump one trump trump ,71
trump donald trump trump trump trump trump ,71
donald trump people ,71
hillary clinton hillary ,71
one trump trump trump ,70
trump trump trump one ,70
trump trump trump would ,70
trump trump trump image ,70
clinton hillary clinton ,70
one said one ,69
trump would trump trump ,69
trump say trump ,69
trump trump trump said ,69
trump trump trump donald ,69
trump trump trump donald trump ,69
donald trump image ,69
people trump trump ,68
trump trump like ,68
trump trump said trump ,68
donald trump one ,68
donald trump president ,68
one people people ,67
one would would ,67
trump president trump trump trump ,67
trump trump one trump ,67
trump trump trump time ,67
trump featured image ,67
donald trump via ,67
one one said ,66
time trump trump ,66
trump said trump trump ,66
trump trump trump via ,66
year year year ,66
donald trump time ,66
donald trump trump trump trump trump trump trump ,66
one people one ,65
one one people ,65
say trump trump ,65
president president trump ,65
trump president president ,65
trump trump trump trump image ,65
trump trump republican ,65
trump trump donald trump trump trump ,65
trump trump campaign ,65
donald said trump ,65
donald trump trump image ,65
donald trump donald ,65
donald trump donald trump ,65
donald donald trump ,65
people people would ,64
people one one ,64
one said said ,64
one featured image ,64
would featured image ,64
like trump trump ,64
said one one ,64
said trump trump trump ,64
trump state trump ,64
trump also trump ,64
trump trump would trump ,64
trump trump american ,64
trump trump trump people ,64
trump trump even ,64
trump trump featured ,64
trump donald trump trump trump trump trump trump ,64
donald trump said trump ,64
time one one ,63
said would would ,63
trump trump say ,63
trump trump trump president trump ,63
trump trump trump trump said ,63
trump trump trump trump trump image ,63
trump even trump ,63
donald trump trump would ,63
clinton clinton clinton ,63
hillary clinton hillary clinton ,63
hillary hillary hillary ,63
people would would ,62
state trump trump ,62
trump people trump trump ,62
trump one trump trump trump ,62
trump u trump ,62
trump trump people trump ,62
trump trump state ,62
trump trump president trump trump ,62
trump trump also ,62
trump trump trump trump president ,62
trump trump trump featured ,62
trump trump featured image ,62
donald trump trump trump image ,62
donald trump trump via ,62
people people one ,61
one would one ,61
one said would ,61
one u u ,61
would would people ,61
would trump trump trump ,61
said said would ,61
u u would ,61
state state state ,61
trump get trump ,61
trump american trump ,61
trump trump trump trump time ,61
trump trump trump trump trump trump trump trump trump ,61
trump trump trump donald trump trump ,61
year one one ,61
donald trump like ,61
even trump trump ,61
one one time ,60
one one like ,60
one year year ,60
would would one ,60
said would said ,60
said featured image ,60
u trump trump ,60
president president president ,60
president donald trump ,60
trump trump one trump trump ,60
trump trump time trump ,60
trump trump would trump trump ,60
trump trump u ,60
trump trump trump one trump ,60
trump trump trump said trump ,60
trump trump trump trump one ,60
trump trump trump trump via ,60
trump trump trump featured image ,60
trump trump hillary ,60
trump republican trump ,60
trump donald would ,60
trump donald image ,60
trump donald trump would ,60
trump donald trump image ,60
trump campaign trump ,60
republican trump trump ,60
donald one trump ,60
donald would trump ,60
donald trump would trump ,60
donald trump trump trump trump image ,60
donald trump featured ,60
clinton clinton hillary ,60
hillary hillary clinton clinton ,60
even one one ,60
people one would ,59
one one also ,59
one one year ,59
one state state ,59
said said people ,59
american trump trump ,59
president trump trump trump trump ,59
trump one one ,59
trump like trump trump ,59
trump make trump ,59
trump trump get ,59
trump trump trump trump would ,59
trump trump trump trump donald ,59
trump trump trump trump donald trump ,59
trump trump go ,59
trump donald president ,59
trump donald trump president ,59
donald people trump ,59
donald trump one trump ,59
donald trump trump said ,59
donald trump campaign ,59
hillary clinton clinton clinton ,59
people trump trump trump ,58
one time one ,58
one like one ,58
one u year ,58
would one one ,58
u would would ,58
president trump president ,58
trump time trump trump ,58
trump new trump ,58
trump trump make ,58
trump trump news ,58
trump trump trump trump featured ,58
trump trump clinton ,58
trump year trump ,58
trump donald said ,58
trump hillary trump ,58
trump hillary clinton ,58
trump go trump ,58
year said said ,58
donald president trump ,58
donald trump people trump ,58
donald trump president trump ,58
donald trump trump featured ,58
donald trump donald trump trump ,58
donald trump featured image ,58
donald donald trump trump ,58
donald featured image ,58
one people would ,57
one one trump ,57
one trump trump trump trump ,57
would people would ,57
would one would ,57
would said said ,57
said people people ,57
u one one ,57
say said said ,57
also trump trump ,57
trump would trump trump trump ,57
trump said said ,57
trump said trump trump trump ,57
trump trump said trump trump ,57
trump trump president president ,57
trump trump trump would trump ,57
trump trump trump trump trump trump image ,57
trump trump trump trump trump featured ,57
trump trump trump campaign ,57
trump trump year ,57
trump trump donald trump trump trump trump ,57
trump donald trump said ,57
trump donald trump via ,57
trump donald via ,57
year trump trump ,57
donald time trump ,57
donald trump time trump ,57
donald trump say ,57
donald trump trump time ,57
donald trump republican ,57
hillary clinton trump ,57
people people time ,56
people one people ,56
one one state ,56
one one via ,56
one said people ,56
one year one ,56
one donald trump ,56
would image via ,56
said one would ,56
u u one ,56
make trump trump ,56
trump say trump trump ,56
trump right trump ,56
trump image via ,56
trump president president trump ,56
trump president trump trump trump trump ,56
trump trump america ,56
trump trump right ,56
trump trump trump people trump ,56
trump trump trump like ,56
trump trump trump state ,56
trump trump trump trump trump via ,56
trump trump trump trump featured image ,56
trump donald trump trump trump trump trump trump trump ,56
donald trump state ,56
donald trump trump people ,56
donald trump trump donald ,56
donald trump trump donald trump ,56
donald trump trump featured image ,56
donald trump even ,56
hillary trump trump ,56
election trump trump ,56
people featured image ,55
one one u ,55
one one even ,55
one would people ,55
would u u ,55
said people would ,55
said said one ,55
said image via ,55
u u year ,55
trump president trump president ,55
trump trump like trump ,55
trump trump way ,55
trump trump president trump trump trump ,55
trump trump also trump ,55
trump trump trump say ,55
trump trump trump also ,55
trump trump trump trump people ,55
trump trump trump trump trump featured image ,55
trump trump trump republican ,55
trump trump republican trump ,55
trump trump election ,55
trump donald one ,55
trump donald trump trump would ,55
trump donald trump trump image ,55
donald trump also ,55
donald trump trump trump trump trump image ,55
donald trump trump trump via ,55
donald trump trump trump featured ,55
one time would ,54
one u one ,54
one image via ,54
one year said ,54
time one would ,54
time trump trump trump ,54
would people people ,54
would would u ,54
would donald trump ,54
like one one ,54
said said via ,54
say trump trump trump ,54
news trump trump ,54
new one one ,54
trump people people ,54
trump people trump trump trump ,54
trump would would ,54
trump could trump ,54
trump trump could ,54
trump trump many ,54
trump trump trump time trump ,54
trump trump trump trump said trump ,54
trump trump trump trump trump said ,54
trump donald trump one ,54
donald trump trump one ,54
donald trump trump president ,54
hillary clinton clinton hillary ,54
campaign trump trump ,54
even people would ,54
white trump trump ,53
people said said ,53
one time people ,53
one time time ,53
one said year ,53
would would time ,53
like people people ,53
like trump trump trump ,53
said people said ,53
u state state ,53
state trump trump trump ,53
say would would ,53
american american american ,53
new trump trump ,53
trump one said ,53
trump would image ,53
trump many trump ,53
trump trump trump trump trump time ,53
trump trump trump trump trump would ,53
trump trump trump hillary ,53
trump trump campaign trump ,53
trump trump even trump ,53
trump donald people ,53
trump donald said trump ,53
trump donald trump people ,53
trump want trump ,53
trump election trump ,53
trump featured via ,53
year would would ,53
republican trump trump trump ,53
donald would trump trump ,53
donald like trump ,53
donald trump would trump trump ,53
donald trump like trump ,53
donald trump u ,53
donald trump make ,53
donald trump get ,53
donald trump trump said trump ,53
donald trump trump trump trump trump trump trump trump ,53
donald trump trump trump trump featured ,53
donald trump trump trump featured image ,53
people people people people ,52
people people like ,52
people said would ,52
one people like ,52
one one say ,52
one one right ,52
one said trump ,52
one u people ,52
one u would ,52
one trump one ,52
would would make ,52
would said would ,52
would make would ,52
said one said ,52
said would people ,52
said would one ,52
said said trump ,52
said donald trump ,52
u would u ,52
u u people ,52
u u u u ,52
state would would ,52
president said said ,52
president state state ,52
president trump said ,52
trump one image ,52
trump said one ,52
trump state trump trump ,52
trump way trump ,52
trump president would ,52
trump president said ,52
trump trump people trump trump ,52
trump trump thing ,52
trump trump say trump ,52
trump trump trump one trump trump ,52
trump trump trump would trump trump ,52
trump trump trump get ,52
trump trump trump president trump trump ,52
trump trump trump trump president trump ,52
trump trump trump trump trump trump trump image ,52
trump trump trump clinton ,52
trump trump trump go ,52
trump trump go trump ,52
trump republican trump trump ,52
trump donald time ,52
trump donald trump time ,52
trump donald trump said trump ,52
trump donald trump trump trump image ,52
trump donald trump trump via ,52
trump donald trump donald ,52
trump donald trump donald trump ,52
trump donald donald ,52
trump donald donald trump ,52
trump even trump trump ,52
trump featured image via ,52
year people people ,52
year one would ,52
donald said trump trump ,52
donald trump american ,52
donald trump trump trump would ,52
donald trump clinton ,52
hillary clinton one ,52
hillary hillary clinton hillary ,52
people people year ,51
people would people ,51
people like people ,51
people said one ,51
one people u ,51
one one make ,51
one one american ,51
one time said ,51
one time year ,51
one president trump ,51
one year would ,51
time time time ,51
would said one ,51
like u u ,51
said trump said ,51
u one u ,51
u like one ,51
u year u ,51
state one one ,51
state one would ,51
state state would ,51
many one one ,51
many trump trump ,51
get trump trump ,51
right trump trump ,51
american people people ,51
american trump trump trump ,51
president said trump ,51
president president trump trump ,51
president trump one ,51
trump said would ,51
trump u trump trump ,51
trump president people ,51
trump trump white ,51
trump trump would trump trump trump ,51
trump trump u trump ,51
trump trump state trump ,51
trump trump trump u ,51
trump trump trump american ,51
trump trump trump trump trump trump featured ,51
trump trump trump trump donald trump trump ,51
trump donald trump trump said ,51
trump donald trump trump trump trump image ,51
trump donald trump featured ,51
trump donald featured ,51
year time one ,51
year time time ,51
year said one ,51
year year would ,51
donald trump said trump trump ,51
donald trump trump would trump ,51
donald trump trump trump trump featured image ,51
donald trump donald trump trump trump ,51
donald trump hillary ,51
donald donald trump trump trump ,51
clinton trump trump ,51
clinton clinton clinton clinton ,51
clinton hillary clinton clinton ,51
clinton hillary hillary ,51
hillary clinton state ,51
hillary clinton campaign ,51
go trump trump ,51
even featured image ,51
people one even ,50
people time people ,50
people would one ,50
people trump trump trump trump ,50
one people time ,50
one people said ,50
one people know ,50
one one world ,50
one would time ,50
one would u ,50
one u said ,50
one say one ,50
one trump image ,50
time one time ,50
time time one ,50
time time would ,50
time would time ,50
time featured image ,50
would would trump ,50
would featured image via ,50
would featured via ,50
like people one ,50
like featured image ,50
said one year ,50
u one would ,50
u said said ,50
u u like ,50
u trump trump trump ,50
state one state ,50
way trump trump ,50
make featured image ,50
right one one ,50
president president would ,50
president president said ,50
trump white trump ,50
trump obama trump ,50
trump america trump ,50
trump one people ,50
trump one trump trump trump trump ,50
trump like trump trump trump ,50
trump make trump trump ,50
trump american trump trump ,50
trump trump said trump trump trump ,50
trump trump get trump ,50
trump trump image via ,50
trump trump new ,50
trump trump trump said trump trump ,50
trump trump trump also trump ,50
trump trump trump trump one trump ,50
trump trump trump trump also ,50
trump trump trump trump trump people ,50
trump trump trump trump trump one ,50
trump trump trump trump trump president ,50
trump trump trump trump trump trump trump trump trump trump ,50
trump trump trump trump trump trump via ,50
trump trump trump trump trump trump featured image ,50
trump trump trump even ,50
trump donald would trump ,50
trump donald president trump ,50
trump donald trump would trump ,50
trump donald trump president trump ,50
trump donald trump trump president ,50
trump clinton trump ,50
year people would ,50
year said would ,50
year trump trump trump ,50
donald people trump trump ,50
donald one trump trump ,50
donald say trump ,50
donald also trump ,50
donald trump america ,50
donald trump say trump ,50
donald trump also trump ,50
donald trump trump trump one ,50
donald trump trump trump time ,50
donald trump trump trump said ,50
donald trump trump trump trump trump featured ,50
donald trump trump trump trump via ,50
donald trump trump donald trump trump ,50
donald trump year ,50
clinton clinton hillary clinton ,50
hillary clinton would ,50
hillary hillary hillary clinton ,50
even people people ,50
even one would ,50
obama trump trump ,49
people people trump ,49
people said people ,49
one people state ,49
one one image ,49
one time u ,49
one like people ,49
one said via ,49
one u time ,49
one state one ,49
one many people ,49
one year time ,49
one even one ,49
one featured image via ,49
one featured via ,49
time time year ,49
time would one ,49
time would would ,49
time said said ,49
time u u ,49
time year one ,49
would one said ,49
would would would would ,49
would would american ,49
would u would ,49
would trump image ,49
like people would ,49
said time said ,49
said said year ,49
said trump image ,49
said trump trump trump trump ,49
said featured via ,49
u said one ,49
u u time ,49
u u state ,49
u u american ,49
u state u ,49
state u u ,49
state state people ,49
thing one one ,49
could trump trump ,49
american american people ,49
president trump president trump ,49
also said said ,49
trump one would ,49
trump time trump trump trump ,49
trump president donald ,49
trump president donald trump ,49
trump also trump trump ,49
trump trump obama ,49
trump trump one trump trump trump ,49
trump trump trump america ,49
trump trump trump could ,49
trump trump trump year ,49
trump trump trump donald trump trump trump ,49
trump trump want ,49
trump trump fact ,49
trump year trump trump ,49
trump donald one trump ,49
trump donald trump trump featured ,49
trump donald trump featured image ,49
trump donald featured image ,49
year people one ,49
year u u ,49
year year u ,49
donald u trump ,49
donald trump one trump trump ,49
donald trump way ,49
donald trump trump like ,49
donald trump trump trump president ,49
donald trump trump trump trump trump trump image ,49
donald trump trump trump trump trump featured image ,49
donald trump trump republican ,49
donald trump trump campaign ,49
donald trump republican trump ,49
donald republican trump ,49
even would would ,49
video trump trump ,48
obama obama obama ,48
people people said ,48
people people u ,48
one people trump ,48
one one many ,48
one thing one ,48
one right one ,48
one also one ,48
one trump said ,48
one trump trump trump trump trump ,48
one year people ,48
one year u ,48
time year would ,48
would would said ,48
would would state ,48
would would via ,48
would state state ,48
would trump trump trump trump ,48
would year would ,48
like would would ,48
said one people ,48
said one via ,48
said trump via ,48
said year said ,48
said featured image via ,48
two one one ,48
say one would ,48
many people people ,48
make people people ,48
american one one ,48
american one would ,48
president people people ,48
president trump people ,48
president trump would ,48
president donald trump trump ,48
trump people said ,48
trump people image ,48
trump would people ,48
trump would time ,48
trump would president ,48
trump said image ,48
trump said via ,48
trump news trump ,48
trump president trump president trump ,48
trump trump one one ,48
trump trump twitter ,48
trump trump time trump trump ,48
trump trump make trump ,48
trump trump american trump ,48
trump trump president president trump ,48
trump trump president trump president ,48
trump trump trump make ,48
trump trump trump president president ,48
trump trump trump trump state ,48
trump trump trump trump say ,48
trump trump trump trump get ,48
trump trump trump trump go ,48
trump trump back ,48
trump trump hillary clinton ,48
trump trump featured via ,48
trump trump party ,48
trump made trump ,48
trump republican trump trump trump ,48
trump donald trump one trump ,48
trump donald trump trump one ,48
trump donald trump trump trump would ,48
trump donald trump trump trump trump trump trump trump trump ,48
trump donald trump republican ,48
trump donald republican ,48
trump hillary trump trump ,48
trump campaign trump trump ,48
donald get trump ,48
donald image via ,48
donald president trump trump ,48
donald trump people trump trump ,48
donald trump u trump ,48
donald trump image via ,48
donald trump president trump trump ,48
donald trump trump one trump ,48
donald trump trump time trump ,48
donald trump trump trump trump trump trump trump trump trump ,48
donald trump election ,48
donald trump party ,48
clinton hillary clinton hillary ,48
hillary clinton time ,48
hillary clinton president ,48
hillary hillary trump ,48
even would people ,48
