trump,99
breaking,63
obama,51
clinton,23
president,22
donald,21
breaking trump,20
say,19
news,19
donald trump,19
new,16
u,16
white,15
state,14
million,13
hillary,13
arrested,13
muslim,13
democrat,12
year,12
day,12
dead,11
child,11
killed,11
first,10
woman,10
president trump,10
fbi,9
american,9
police,9
court,8
michelle,8
death,8
man,8
school,8
fired,8
gun,8
black,8
official,8
illegal,8
found,8
life,8
law,8
florida,8
breaking obama,8
hillary clinton,8
order,7
moore,7
right,7
attack,7
one,7
people,7
hurricane,7
support,7
make,7
house,7
bill,7
obama trump,7
michelle obama,7
trump president,7
roy,6
accuser,6
pope,6
malia,6
ban,6
foundation,6
arrest,6
america,6
full,6
pelosi,6
resign,6
time,6
call,6
would,6
victim,6
war,6
charged,6
murder,6
fox,6
water,6
russia,6
go,6
melania,6
shooting,6
alabama,6
plan,6
national,6
com,6
un,6
secret,6
show,6
breaking president,6
roy moore,6
trump obama,6
white house,6
nfl,5
pay,5
update,5
must,5
york,5
country,5
body,5
judge,5
every,5
cnn,5
liberal,5
get,5
photo,5
united,5
car,5
old,5
report,5
facebook,5
irma,5
federal,5
evidence,5
russian,5
suspended,5
hit,5
month,5
history,5
fake,5
nasa,5
office,5
free,5
antifa,5
dy,5
texas,5
breaking fired,5
breaking clinton,5
breaking president trump,5
trump trump,5
say trump,5
new york,5
malia obama,5
clinton foundation,5
melania trump,5
vote,4
francis,4
men,4
world,4
leader,4
george,4
barack,4
john,4
mccain,4
like,4
back,4
issued,4
nancy,4
rape,4
charge,4
wife,4
investigator,4
mueller,4
california,4
trying,4
paul,4
parkland,4
better,4
admits,4
airline,4
citizen,4
anti,4
protester,4
charlottesville,4
maxine,4
fire,4
made,4
sarah,4
city,4
legal,4
executive,4
agent,4
refugee,4
video,4
account,4
bombshell,4
supporter,4
caught,4
bed,4
taken,4
information,4
testify,4
twitter,4
shooter,4
supreme,4
critical,4
condition,4
warrant,4
crash,4
best,4
home,4
breaking court,4
breaking million,4
breaking hillary,4
breaking condition,4
obama arrested,4
trump order,4
trump day,4
pope francis,4
nancy pelosi,4
found dead,4
fox news,4
maxine water,4
year old,4
executive order,4
supreme court,4
team,3
work,3
penalty,3
gay,3
god,3
sale,3
bible,3
soros,3
sick,3
actress,3
sandra,3
line,3
kid,3
racist,3
saying,3
behind,3
keep,3
email,3
syria,3
could,3
leaf,3
announced,3
crew,3
killer,3
missing,3
lie,3
leaving,3
alien,3
abortion,3
ryan,3
problem,3
mayor,3
may,3
baby,3
release,3
moon,3
drop,3
cancel,3
head,3
lake,3
meeting,3
gop,3
raided,3
sander,3
face,3
secretary,3
british,3
last,3
becomes,3
move,3
change,3
issue,3
center,3
dnc,3
prison,3
delta,3
ticket,3
fraud,3
voter,3
using,3
immediately,3
seth,3
rich,3
source,3
celebrity,3
company,3
think,3
tax,3
food,3
immigrant,3
find,3
general,3
la,3
vega,3
sell,3
marijuana,3
gate,3
north,3
washington,3
weed,3
next,3
massive,3
smith,3
control,3
security,3
employee,3
emma,3
went,3
nation,3
getting,3
pick,3
senate,3
human,3
lady,3
election,3
affair,3
take,3
star,3
confirmed,3
confiscation,3
terrorist,3
message,3
plane,3
way,3
want,3
service,3
civil,3
paid,3
ever,3
smoking,3
deal,3
witness,3
st,3
usa,3
ohio,3
prince,3
harry,3
kim,3
statement,3
scott,3
set,3
accident,3
family,3
confesses,3
conspiracy,3
tell,3
begin,3
trey,3
gowdy,3
isi,3
lay,3
private,3
breaking nfl,3
breaking accuser,3
breaking new,3
breaking u,3
breaking arrested,3
breaking judge,3
breaking fbi,3
breaking muslim,3
breaking critical,3
breaking critical condition,3
obama million,3
obama attack,3
obama white,3
obama illegal,3
obama year,3
obama house,3
obama deal,3
roy moore accuser,3
roy accuser,3
moore accuser,3
trump ban,3
trump u,3
trump one,3
trump resign,3
trump would,3
trump better,3
trump war,3
trump state,3
trump legal,3
trump executive,3
trump executive order,3
trump facebook,3
trump video,3
say muslim,3
school shooting,3
clinton woman,3
barack obama,3
actress president,3
gun confiscation,3
fbi obama,3
fbi trump,3
news trump,3
democrat trump,3
time president,3
muslim refugee,3
paul ryan,3
united state,3
russian obama,3
account suspended,3
seth rich,3
celebrity trump,3
celebrity president,3
law support,3
la vega,3
bill gate,3
fake news,3
nasa day,3
critical condition,3
civil war,3
paid trump,3
prince harry,3
trey gowdy,3
declares,2
thug,2
suicide,2
putin,2
see,2
hiv,2
friend,2
without,2
target,2
holy,2
heart,2
tweet,2
died,2
bullock,2
leave,2
never,2
come,2
carlson,2
mass,2
starbucks,2
ice,2
former,2
walk,2
fine,2
inside,2
snapchat,2
nrtonline,2
dragged,2
handcuff,2
campaign,2
rosa,2
park,2
matter,2
colored,2
bid,2
afford,2
told,2
aide,2
major,2
lying,2
israel,2
korean,2
policy,2
indictment,2
starting,2
japanese,2
eaten,2
alive,2
removed,2
part,2
hate,2
pass,2
mike,2
penny,2
lead,2
owner,2
cancer,2
session,2
administration,2
camp,2
flight,2
cia,2
lost,2
christmas,2
thousand,2
nuclear,2
driving,2
far,2
player,2
flag,2
sasha,2
leg,2
need,2
another,2
confirms,2
count,2
doctor,2
special,2
georgia,2
restore,2
value,2
scientist,2
declare,2
number,2
hacked,2
bust,2
page,2
server,2
robert,2
mar,2
destroyed,2
kushner,2
facing,2
relief,2
killing,2
queen,2
elizabeth,2
agree,2
comey,2
wikileaks,2
construction,2
named,2
officer,2
whoopi,2
goldberg,2
navy,2
four,2
check,2
actor,2
future,2
female,2
attorney,2
raising,2
question,2
davis,2
name,2
whopping,2
sum,2
serious,2
implement,2
sharia,2
cause,2
reagan,2
poll,2
celebs,2
denzel,2
story,2
stay,2
smoke,2
straight,2
seek,2
guard,2
mexico,2
game,2
detail,2
pound,2
great,2
shark,2
saved,2
meth,2
contact,2
palin,2
threat,2
shocking,2
coming,2
canceled,2
gift,2
hospital,2
love,2
viral,2
military,2
side,2
race,2
allred,2
claim,2
attend,2
high,2
yearbook,2
gaga,2
give,2
secretly,2
stunning,2
know,2
thing,2
mom,2
houston,2
donates,2
filming,2
near,2
church,2
walmart,2
boy,2
demand,2
largest,2
pull,2
k,2
jersey,2
executed,2
reveals,2
daily,2
keanu,2
dc,2
deport,2
custody,2
forced,2
praise,2
h,2
end,2
bribery,2
earth,2
pro,2
multiple,2
rating,2
book,2
student,2
william,2
harvey,2
operative,2
permanently,2
close,2
jong,2
fda,2
vaccine,2
eric,2
gave,2
racism,2
receive,2
press,2
fan,2
tv,2
arm,2
visit,2
anthem,2
member,2
singer,2
network,2
red,2
san,2
juan,2
impeach,2
voting,2
capitol,2
sign,2
since,2
discover,2
hidden,2
dumpster,2
santa,2
governor,2
republican,2
royal,2
wedding,2
regulation,2
busted,2
planning,2
medical,2
post,2
air,2
riot,2
slave,2
barron,2
sold,2
force,2
australia,2
travel,2
ghana,2
meat,2
accidentally,2
raid,2
put,2
everything,2
bush,2
breaking first,2
breaking obama trump,2
breaking roy,2
breaking roy moore,2
breaking roy moore accuser,2
breaking roy accuser,2
breaking moore,2
breaking moore accuser,2
breaking malia,2
breaking malia obama,2
breaking foundation,2
breaking hillary clinton,2
breaking clinton foundation,2
breaking attack,2
breaking one,2
breaking black,2
breaking dead,2
breaking nancy,2
breaking nancy pelosi,2
breaking pelosi,2
breaking nrtonline,2
breaking judge trump,2
breaking handcuff,2
breaking official,2
breaking fbi trump,2
breaking news,2
breaking news million,2
breaking rosa,2
breaking rosa trump,2
breaking rosa park,2
breaking rosa park trump,2
breaking park,2
breaking park trump,2
breaking racist,2
breaking democrat,2
breaking people,2
breaking white,2
breaking illegal,2
breaking found,2
breaking found dead,2
breaking missing,2
breaking liberal,2
breaking killed,2
breaking fox,2
breaking player,2
breaking car,2
breaking raided,2
breaking state,2
breaking legal,2
breaking issue,2
breaking issue warrant,2
breaking irma,2
breaking federal,2
breaking federal judge,2
breaking voter,2
breaking make,2
breaking go,2
breaking raising,2
breaking taken,2
breaking detail,2
breaking terrorist,2
breaking supreme,2
breaking supreme court,2
breaking secret,2
breaking warrant,2
breaking accident,2
first president,2
first time,2
first time president,2
first state,2
first ever,2
order obama,2
obama order,2
obama new,2
obama news,2
obama racist,2
obama racist attack,2
obama white house,2
obama life,2
obama administration,2
obama camp,2
obama go,2
obama massive,2
obama secretly,2
obama secret,2
pay stay,2
pay stay bed,2
pay stay bed day,2
pay stay day,2
pay bed,2
pay bed day,2
pay day,2
million trump,2
update obama,2
accuser moore,2
accuser admits,2
michelle obama year,2
michelle year,2
right hillary,2
trump must,2
trump fired,2
trump ban u,2
trump attack,2
trump like,2
trump back,2
trump one year,2
trump arrest,2
trump america,2
trump dead,2
trump child,2
trump every,2
trump white,2
trump white house,2
trump policy,2
trump trying,2
trump better obama,2
trump release,2
trump christmas,2
trump murder,2
trump year,2
trump russia,2
trump russian,2
trump supporter,2
trump make,2
trump think,2
trump house,2
trump reagan,2
trump day trump,2
trump office,2
trump plan,2
trump free,2
trump hospital,2
trump paid,2
trump paid trump,2
trump best,2
trump best president,2
trump sign,2
trump travel,2
trump ghana,2
trump everything,2
death penalty,2
say obama,2
say trump president,2
say god,2
say new,2
say president,2
say donald,2
say donald trump,2
say muslim trump,2
pope gun,2
pope call,2
man men,2
man woman,2
new news,2
woman say,2
school school,2
malia obama attack,2
malia obama arrested,2
malia obama racist,2
malia obama racist attack,2
malia attack,2
malia arrested,2
malia racist,2
malia racist attack,2
fired lying,2
holy bible,2
ban u,2
george soros,2
hillary trump,2
hillary clinton trump,2
hillary president,2
clinton trump,2
clinton child,2
clinton email,2
heart attack,2
attack say,2
john say,2
president president,2
president u,2
president time,2
president support,2
actress trump,2
actress president trump,2
sandra hillary,2
sandra hillary clinton,2
sandra clinton,2
sandra bullock,2
sandra bullock hillary,2
sandra bullock hillary clinton,2
sandra bullock clinton,2
bullock hillary,2
bullock hillary clinton,2
bullock clinton,2
like trump,2
one obama,2
one trump,2
one year,2
arrest illegal,2
gun law,2
gun confiscation law,2
black men,2
arrested trump,2
arrested bust,2
arrested conspiracy,2
arrested conspiracy trump,2
dead body,2
nancy pelosi taken,2
nancy taken,2
pelosi taken,2
donald trump trump,2
donald trump president,2
donald trump like,2
donald trump war,2
donald trump facebook,2
donald trump day,2
donald trump paid,2
donald trump paid trump,2
donald trump ghana,2
donald president,2
donald like,2
donald news,2
donald war,2
donald facebook,2
donald day,2
donald paid,2
donald paid trump,2
donald ghana,2
judge trump,2
official trump,2
official clinton,2
fbi million,2
fbi million trump,2
fbi agent,2
fbi russian,2
child clinton,2
child support,2
rape woman,2
rape victim,2
rape victim abortion,2
rape abortion,2
news million,2
news american,2
news construction,2
news story,2
news smith,2
news network,2
rosa trump,2
rosa park,2
rosa park trump,2
park trump,2
racist attack,2
democrat maxine,2
democrat maxine water,2
democrat water,2
democrat demand,2
time trump,2
colored people,2
investigator killed,2
call woman,2
call white,2
white obama,2
white black,2
white people,2
illegal trump,2
illegal starting,2
illegal state,2
muslim trump,2
muslim arrested,2
liberal trump,2
victim abortion,2
get penalty,2
american news,2
american news construction,2
american construction,2
parkland school,2
better obama,2
may harry,2
may royal,2
may royal harry,2
may royal wedding,2
may royal wedding harry,2
may wedding,2
may wedding harry,2
united airline,2
charged murder,2
murder trump,2
murder video,2
anti trump,2
far right,2
fox news smith,2
fox news network,2
fox smith,2
fox network,2
maxine charged,2
maxine water charged,2
water charged,2
year year,2
state muslim,2
sarah sander,2
sarah palin,2
face trump,2
hurricane harvey,2
legal right,2
becomes first,2
issue warrant,2
facebook trump,2
hacked russia,2
dnc seth,2
dnc seth rich,2
dnc rich,2
robert obama,2
robert michelle,2
robert michelle obama,2
delta ticket,2
federal judge,2
russian obama deal,2
russian bribery,2
russian bribery obama,2
russian bribery obama deal,2
russian bribery deal,2
russian deal,2
queen say,2
queen elizabeth,2
queen elizabeth say,2
elizabeth say,2
bombshell obama,2
seth death,2
seth rich death,2
seth rich wikileaks,2
seth wikileaks,2
rich death,2
rich wikileaks,2
supporter president,2
celebrity trump president,2
celebrity president trump,2
make trump,2
make president,2
make day,2
think trump,2
think president,2
police arrest,2
police black,2
police body,2
police state,2
police discover,2
hit trump,2
whoopi goldberg,2
food month,2
melania obama,2
melania trump obama,2
law charge,2
attorney general,2
whopping sum,2
la victim,2
la vega victim,2
la vega shooting,2
la shooting,2
vega victim,2
vega shooting,2
sharia law,2
bill say,2
history president,2
florida shooting,2
alabama state,2
celebs trump,2
denzel trump,2
denzel washington,2
denzel washington trump,2
washington trump,2
washington state,2
nasa pay,2
nasa pay stay,2
nasa pay stay bed,2
nasa pay stay bed day,2
nasa pay stay day,2
nasa pay bed,2
nasa pay bed day,2
nasa pay day,2
nasa stay,2
nasa stay bed,2
nasa stay bed day,2
nasa stay day,2
nasa bed,2
nasa bed day,2
stay bed,2
stay bed day,2
stay day,2
bed day,2
smoke weed,2
day trump,2
plan office,2
information nation,2
national day,2
national anthem,2
great lake,2
free ticket,2
un trump,2
un black,2
un north,2
testify clinton,2
senate report,2
allred accuser,2
antifa supporter,2
high school,2
lady gaga,2
give hillary,2
donates hurricane,2
texas church,2
texas church shooter,2
texas shooter,2
church shooter,2
confiscation law,2
largest history,2
secret service,2
plane way,2
plane crash,2
forced resign,2
praise trump,2
smoking gun,2
bribery obama,2
bribery obama deal,2
bribery deal,2
prince william,2
prince william harry,2
william harry,2
best president,2
kim trump,2
kim north,2
kim un,2
kim un trump,2
kim un north,2
kim jong,2
kim jong trump,2
kim jong north,2
kim jong un,2
kim jong un trump,2
kim jong un north,2
jong trump,2
jong north,2
jong un,2
jong un trump,2
jong un north,2
fda vaccine,2
singer year,2
san juan,2
impeach trump,2
conspiracy trump,2
royal harry,2
royal wedding,2
royal wedding harry,2
wedding harry,2
busted obama,2
trey found,2
trey gowdy found,2
gowdy found,2
isi lay,2
force obama,2
raid obama,2
