transcript,42
obama,42
president,35
news,27
u,25
remark,23
trump,20
mccain,20
debate,18
say,17
video,17
week,16
state,15
ad,15
office,15
week transcript,15
clinton,14
presidential,14
tax,14
new,14
bill,14
breaking,14
act,13
care,13
health,13
campaign,13
senate,13
barack,13
outlook,13
latest,13
news video,13
remark president,13
breaking news,13
latest video,13
skype,12
bing,12
news latest,12
news latest video,12
barack obama,12
office news,12
office news latest,12
office news latest video,12
office news video,12
office skype,12
office skype news,12
office skype news latest,12
office skype news latest video,12
office skype news video,12
office skype bing,12
office skype bing news,12
office skype bing news latest,12
office skype bing news latest video,12
office skype bing news video,12
office skype bing breaking,12
office skype bing breaking news,12
office skype bing breaking news latest,12
office skype bing breaking news latest video,12
office skype bing breaking news video,12
office skype bing breaking latest,12
office skype bing breaking latest video,12
office skype bing breaking video,12
office skype bing latest,12
office skype bing latest video,12
office skype bing video,12
office skype breaking,12
office skype breaking news,12
office skype breaking news latest,12
office skype breaking news latest video,12
office skype breaking news video,12
office skype breaking latest,12
office skype breaking latest video,12
office skype breaking video,12
office skype latest,12
office skype latest video,12
office skype video,12
office bing,12
office bing news,12
office bing news latest,12
office bing news latest video,12
office bing news video,12
office bing breaking,12
office bing breaking news,12
office bing breaking news latest,12
office bing breaking news latest video,12
office bing breaking news video,12
office bing breaking latest,12
office bing breaking latest video,12
office bing breaking video,12
office bing latest,12
office bing latest video,12
office bing video,12
office breaking,12
office breaking news,12
office breaking news latest,12
office breaking news latest video,12
office breaking news video,12
office breaking latest,12
office breaking latest video,12
office breaking video,12
office latest,12
office latest video,12
office video,12
outlook news,12
outlook news latest,12
outlook news latest video,12
outlook news video,12
outlook office,12
outlook office news,12
outlook office news latest,12
outlook office news latest video,12
outlook office news video,12
outlook office skype,12
outlook office skype news,12
outlook office skype news latest,12
outlook office skype news latest video,12
outlook office skype news video,12
outlook office skype bing,12
outlook office skype bing news,12
outlook office skype bing news latest,12
outlook office skype bing news latest video,12
outlook office skype bing news video,12
outlook office skype bing breaking,12
outlook office skype bing breaking news,12
outlook office skype bing breaking news latest,12
outlook office skype bing breaking news latest video,12
outlook office skype bing breaking news video,12
outlook office skype bing breaking latest,12
outlook office skype bing breaking latest video,12
outlook office skype bing breaking video,12
outlook office skype bing latest,12
outlook office skype bing latest video,12
outlook office skype bing video,12
outlook office skype breaking,12
outlook office skype breaking news,12
outlook office skype breaking news latest,12
outlook office skype breaking news latest video,12
outlook office skype breaking news video,12
outlook office skype breaking latest,12
outlook office skype breaking latest video,12
outlook office skype breaking video,12
outlook office skype latest,12
outlook office skype latest video,12
outlook office skype video,12
outlook office bing,12
outlook office bing news,12
outlook office bing news latest,12
outlook office bing news latest video,12
outlook office bing news video,12
outlook office bing breaking,12
outlook office bing breaking news,12
outlook office bing breaking news latest,12
outlook office bing breaking news latest video,12
outlook office bing breaking news video,12
outlook office bing breaking latest,12
outlook office bing breaking latest video,12
outlook office bing breaking video,12
outlook office bing latest,12
outlook office bing latest video,12
outlook office bing video,12
outlook office breaking,12
outlook office breaking news,12
outlook office breaking news latest,12
outlook office breaking news latest video,12
outlook office breaking news video,12
outlook office breaking latest,12
outlook office breaking latest video,12
outlook office breaking video,12
outlook office latest,12
outlook office latest video,12
outlook office video,12
outlook skype,12
outlook skype news,12
outlook skype news latest,12
outlook skype news latest video,12
outlook skype news video,12
outlook skype bing,12
outlook skype bing news,12
outlook skype bing news latest,12
outlook skype bing news latest video,12
outlook skype bing news video,12
outlook skype bing breaking,12
outlook skype bing breaking news,12
outlook skype bing breaking news latest,12
outlook skype bing breaking news latest video,12
outlook skype bing breaking news video,12
outlook skype bing breaking latest,12
outlook skype bing breaking latest video,12
outlook skype bing breaking video,12
outlook skype bing latest,12
outlook skype bing latest video,12
outlook skype bing video,12
outlook skype breaking,12
outlook skype breaking news,12
outlook skype breaking news latest,12
outlook skype breaking news latest video,12
outlook skype breaking news video,12
outlook skype breaking latest,12
outlook skype breaking latest video,12
outlook skype breaking video,12
outlook skype latest,12
outlook skype latest video,12
outlook skype video,12
outlook bing,12
outlook bing news,12
outlook bing news latest,12
outlook bing news latest video,12
outlook bing news video,12
outlook bing breaking,12
outlook bing breaking news,12
outlook bing breaking news latest,12
outlook bing breaking news latest video,12
outlook bing breaking news video,12
outlook bing breaking latest,12
outlook bing breaking latest video,12
outlook bing breaking video,12
outlook bing latest,12
outlook bing latest video,12
outlook bing video,12
outlook breaking,12
outlook breaking news,12
outlook breaking news latest,12
outlook breaking news latest video,12
outlook breaking news video,12
outlook breaking latest,12
outlook breaking latest video,12
outlook breaking video,12
outlook latest,12
outlook latest video,12
outlook video,12
skype news,12
skype news latest,12
skype news latest video,12
skype news video,12
skype bing,12
skype bing news,12
skype bing news latest,12
skype bing news latest video,12
skype bing news video,12
skype bing breaking,12
skype bing breaking news,12
skype bing breaking news latest,12
skype bing breaking news latest video,12
skype bing breaking news video,12
skype bing breaking latest,12
skype bing breaking latest video,12
skype bing breaking video,12
skype bing latest,12
skype bing latest video,12
skype bing video,12
skype breaking,12
skype breaking news,12
skype breaking news latest,12
skype breaking news latest video,12
skype breaking news video,12
skype breaking latest,12
skype breaking latest video,12
skype breaking video,12
skype latest,12
skype latest video,12
skype video,12
bing news,12
bing news latest,12
bing news latest video,12
bing news video,12
bing breaking,12
bing breaking news,12
bing breaking news latest,12
bing breaking news latest video,12
bing breaking news video,12
bing breaking latest,12
bing breaking latest video,12
bing breaking video,12
bing latest,12
bing latest video,12
bing video,12
breaking news latest,12
breaking news latest video,12
breaking news video,12
breaking latest,12
breaking latest video,12
breaking video,12
house,11
united,11
political,11
action,11
congress,11
interview,11
r,11
democratic,10
th,10
american,10
united state,10
presidential debate,10
national,9
statistic,9
data,9
paul,9
hillary,9
energy,9
report,9
john,9
rep,9
america,9
senator,9
election,8
budget,8
tv,8
security,8
job,8
sen,8
committee,8
twitter,8
public,8
hillary clinton,8
president obama,8
gop,7
government,7
donald,7
press,7
gun,7
palin,7
medium,7
fox,7
department,7
donald trump,7
th congress,7
tv ad,7
health care,7
romney,6
white,6
labor,6
statement,6
law,6
word,6
republican,6
policy,6
h,6
democratic debate,6
transcript debate,6
fox news,6
democrat,5
plan,5
rand,5
income,5
annotated,5
call,5
vote,5
economic,5
change,5
time,5
mike,5
candidate,5
analysis,5
full,5
text,5
school,5
center,5
first,5
federal,5
hall,5
white house,5
rand paul,5
u senate,5
john mccain,5
h r,5
business,4
archive,4
polad,4
bureau,4
moveon,4
org,4
survey,4
page,4
force,4
congressman,4
proposal,4
child,4
email,4
speech,4
boehner,4
top,4
television,4
border,4
york,4
sunday,4
reform,4
economy,4
cnn,4
foreign,4
town,4
cq,4
news sunday,4
political tv,4
political tv ad,4
political tv ad archive,4
political tv ad archive polad,4
political tv ad polad,4
political tv archive,4
political tv archive polad,4
political tv polad,4
political ad,4
political ad archive,4
political ad archive polad,4
political ad polad,4
political archive,4
political archive polad,4
political polad,4
political action,4
tv ad archive,4
tv ad archive polad,4
tv ad polad,4
tv archive,4
tv archive polad,4
tv polad,4
ad archive,4
ad archive polad,4
ad polad,4
archive polad,4
bureau labor,4
bureau labor statistic,4
bureau statistic,4
labor statistic,4
transcript presidential,4
transcript presidential debate,4
moveon political,4
moveon political action,4
moveon org,4
moveon org political,4
moveon org political action,4
moveon org action,4
moveon action,4
org political,4
org political action,4
org action,4
senate senate,4
president barack,4
fox news sunday,4
fox sunday,4
r congress,4
new york,4
h congress,4
h r congress,4
town hall,4
comment,3
china,3
control,3
briefing,3
secretary,3
young,3
giuliani,3
talk,3
good,3
rally,3
thing,3
know,3
second,3
cost,3
market,3
roll,3
letter,3
code,3
bush,3
oil,3
welcome,3
ted,3
cruz,3
defense,3
preliminary,3
rating,3
mitt,3
record,3
vice,3
lexisnexis,3
publisher,3
gross,3
product,3
afghanistan,3
session,3
biden,3
congressional,3
put,3
family,3
troop,3
day,3
op,3
ed,3
com,3
blue,3
weekly,3
address,3
update,3
target,3
rd,3
said,3
promise,3
high,3
msnbc,3
michael,3
key,3
fund,3
urban,3
support,3
industry,3
study,3
go,3
rob,3
portman,3
background,3
race,3
claim,3
world,3
may,3
social,3
debbie,3
available,3
convention,3
iraq,3
need,3
national convention,3
news news,3
democratic national,3
democratic national convention,3
democratic convention,3
say obama,3
house gop,3
american job,3
political action thing,3
political action thing know,3
political action thing know mccain,3
political action thing mccain,3
political action know,3
political action know mccain,3
political action mccain,3
political thing,3
political thing know,3
political thing know mccain,3
political thing mccain,3
political know,3
political know mccain,3
political mccain,3
transcript annotated,3
transcript second,3
transcript second debate,3
moveon political action thing,3
moveon political action thing know,3
moveon political action thing know mccain,3
moveon political action thing mccain,3
moveon political action know,3
moveon political action know mccain,3
moveon political action mccain,3
moveon political thing,3
moveon political thing know,3
moveon political thing know mccain,3
moveon political thing mccain,3
moveon political know,3
moveon political know mccain,3
moveon political mccain,3
moveon org political action thing,3
moveon org political action thing know,3
moveon org political action thing know mccain,3
moveon org political action thing mccain,3
moveon org political action know,3
moveon org political action know mccain,3
moveon org political action mccain,3
moveon org political thing,3
moveon org political thing know,3
moveon org political thing know mccain,3
moveon org political thing mccain,3
moveon org political know,3
moveon org political know mccain,3
moveon org political mccain,3
moveon org action thing,3
moveon org action thing know,3
moveon org action thing know mccain,3
moveon org action thing mccain,3
moveon org action know,3
moveon org action know mccain,3
moveon org action mccain,3
moveon org thing,3
moveon org thing know,3
moveon org thing know mccain,3
moveon org thing mccain,3
moveon org know,3
moveon org know mccain,3
moveon org mccain,3
moveon action thing,3
moveon action thing know,3
moveon action thing know mccain,3
moveon action thing mccain,3
moveon action know,3
moveon action know mccain,3
moveon action mccain,3
moveon thing,3
moveon thing know,3
moveon thing know mccain,3
moveon thing mccain,3
moveon know,3
moveon know mccain,3
moveon mccain,3
org political action thing,3
org political action thing know,3
org political action thing know mccain,3
org political action thing mccain,3
org political action know,3
org political action know mccain,3
org political action mccain,3
org political thing,3
org political thing know,3
org political thing know mccain,3
org political thing mccain,3
org political know,3
org political know mccain,3
org political mccain,3
org action thing,3
org action thing know,3
org action thing know mccain,3
org action thing mccain,3
org action know,3
org action know mccain,3
org action mccain,3
org thing,3
org thing know,3
org thing know mccain,3
org thing mccain,3
org know,3
org know mccain,3
org mccain,3
action thing,3
action thing know,3
action thing know mccain,3
action thing mccain,3
action know,3
action know mccain,3
action mccain,3
thing know,3
thing know mccain,3
thing mccain,3
know mccain,3
clinton transcript,3
u u,3
u u senate,3
u u senate roll,3
u u senate roll call,3
u u senate roll call vote,3
u u senate roll call vote congress,3
u u senate roll call congress,3
u u senate roll vote,3
u u senate roll vote congress,3
u u senate roll congress,3
u u senate call,3
u u senate call vote,3
u u senate call vote congress,3
u u senate call congress,3
u u senate vote,3
u u senate vote congress,3
u u senate congress,3
u u roll,3
u u roll call,3
u u roll call vote,3
u u roll call vote congress,3
u u roll call congress,3
u u roll vote,3
u u roll vote congress,3
u u roll congress,3
u u call,3
u u call vote,3
u u call vote congress,3
u u call congress,3
u u vote,3
u u vote congress,3
u u congress,3
u senate u,3
u senate u senate,3
u senate u senate roll,3
u senate u senate roll call,3
u senate u senate roll call vote,3
u senate u senate roll call vote congress,3
u senate u senate roll call congress,3
u senate u senate roll vote,3
u senate u senate roll vote congress,3
u senate u senate roll congress,3
u senate u senate call,3
u senate u senate call vote,3
u senate u senate call vote congress,3
u senate u senate call congress,3
u senate u senate vote,3
u senate u senate vote congress,3
u senate u senate congress,3
u senate u roll,3
u senate u roll call,3
u senate u roll call vote,3
u senate u roll call vote congress,3
u senate u roll call congress,3
u senate u roll vote,3
u senate u roll vote congress,3
u senate u roll congress,3
u senate u call,3
u senate u call vote,3
u senate u call vote congress,3
u senate u call congress,3
u senate u vote,3
u senate u vote congress,3
u senate u congress,3
u senate senate,3
u senate senate roll,3
u senate senate roll call,3
u senate senate roll call vote,3
u senate senate roll call vote congress,3
u senate senate roll call congress,3
u senate senate roll vote,3
u senate senate roll vote congress,3
u senate senate roll congress,3
u senate senate call,3
u senate senate call vote,3
u senate senate call vote congress,3
u senate senate call congress,3
u senate senate vote,3
u senate senate vote congress,3
u senate senate congress,3
u senate roll,3
u senate roll call,3
u senate roll call vote,3
u senate roll call vote congress,3
u senate roll call congress,3
u senate roll vote,3
u senate roll vote congress,3
u senate roll congress,3
u senate call,3
u senate call vote,3
u senate call vote congress,3
u senate call congress,3
u senate vote,3
u senate vote congress,3
u senate congress,3
u roll,3
u roll call,3
u roll call vote,3
u roll call vote congress,3
u roll call congress,3
u roll vote,3
u roll vote congress,3
u roll congress,3
u call,3
u call vote,3
u call vote congress,3
u call congress,3
u vote,3
u vote congress,3
u congress,3
u senator,3
u border,3
senate u,3
senate u senate,3
senate u senate roll,3
senate u senate roll call,3
senate u senate roll call vote,3
senate u senate roll call vote congress,3
senate u senate roll call congress,3
senate u senate roll vote,3
senate u senate roll vote congress,3
senate u senate roll congress,3
senate u senate call,3
senate u senate call vote,3
senate u senate call vote congress,3
senate u senate call congress,3
senate u senate vote,3
senate u senate vote congress,3
senate u senate congress,3
senate u roll,3
senate u roll call,3
senate u roll call vote,3
senate u roll call vote congress,3
senate u roll call congress,3
senate u roll vote,3
senate u roll vote congress,3
senate u roll congress,3
senate u call,3
senate u call vote,3
senate u call vote congress,3
senate u call congress,3
senate u vote,3
senate u vote congress,3
senate u congress,3
senate senate roll,3
senate senate roll call,3
senate senate roll call vote,3
senate senate roll call vote congress,3
senate senate roll call congress,3
senate senate roll vote,3
senate senate roll vote congress,3
senate senate roll congress,3
senate senate call,3
senate senate call vote,3
senate senate call vote congress,3
senate senate call congress,3
senate senate vote,3
senate senate vote congress,3
senate senate congress,3
senate roll,3
senate roll call,3
senate roll call vote,3
senate roll call vote congress,3
senate roll call congress,3
senate roll vote,3
senate roll vote congress,3
senate roll congress,3
senate call,3
senate call vote,3
senate call vote congress,3
senate call congress,3
senate vote,3
senate vote congress,3
senate congress,3
second debate,3
debate transcript,3
debate annotated,3
roll call,3
roll call vote,3
roll call vote congress,3
roll call congress,3
roll vote,3
roll vote congress,3
roll congress,3
call vote,3
call vote congress,3
call congress,3
vote congress,3
congress act,3
obama remark,3
energy statistic,3
president budget,3
president trump,3
president campaign,3
president barack obama,3
president job,3
president town,3
president town hall,3
president hall,3
ted cruz,3
lexisnexis r,3
lexisnexis r publisher,3
lexisnexis publisher,3
r act,3
r th,3
r th congress,3
r congress act,3
r publisher,3
sen obama,3
america act,3
op ed,3
senator obama,3
h act,3
h th,3
h th congress,3
h congress act,3
h r act,3
h r th,3
h r th congress,3
h r congress act,3
federal tax,3
rob portman,3
cnn presidential,3
cnn presidential debate,3
cnn debate,3
